utr,te,te_log
GTCCCGGCCAGTGCCTCTGCTTCCGGCTCGAATTGCTCTCGCTCACGCTTGCCTTCAAC,62.4977496151575,4.135130549936639
AGTGGATTGTTAGTTCTTCTGCTGTTAGGAAGCCACT,57.4520850474724,4.050951296890704
TAGGTTTCTTAAGTTGGTTTTAGAAGTTGCTTAG,34.171482180041,3.5313914418338417
CACAGTGGGCAGCCCGATTTTCTGCTGAGTAGGCGCTGTGATTTCA,26.3981108680304,3.273292449562721
TCTCGATCTGCTGCTCGTCTCAGGCTCGTAGTTCGCCTTCA,21.6748235438848,3.076151381636226
CTATAATTCTATTATTTTTAGCAGCTGGAGTCCAGAAATGATTTTTTCGATGAATTTAGGATTTTGCCGCAGTATACATCTGCAGTCCCAGAATCCTCCG,16.6092025001377,2.809956909235788
GCGGCTGGTCACGTGGCTGGCCCGCGGCGGTGCGCGGGGCGTTGGGTCAGCGGGTCTGGGACTGGTGGCACCGGCGGCGGCGTAGGACGGAGGCGTCGCT,15.890045195094,2.765692824792157
CTGGTTTTGGTGATTTTTGTCTGATTGCA,13.8464206366143,2.6280267614429658
GATTGCTCTTCTGGGCGTGGGAGAAGGTTCTGTCTATCAGTGCTGCGAGAAAGGAAAGAAACAAGTTTGCTCTCAGCGG,11.4748225778137,2.440155294198641
CAGCTGCAAAGATTCCGAGGTGCAGAAGTTGTCTGAGTGCGTTGGTCGGCGGCAGTCGGGCCAGACCCAGGACTCTGCGACTTTAC,11.4748225778137,2.440155294198641
GCTAAGAGACTGGGCAAGATGCTCAGAGCACAGAAAACTCATATTTTAGTGGCTTTTCTTTTTTCATTTTTATAAAGACGCTTATTCACCTTGGAGAAAA,10.0748943044119,2.3100466169004865
GCTGTCAGGTGGCACCTTGGGGACGGAGGTGCGTCCGGTCCTGGAAGAGCCTAGCTAGTGTCCGATAGATGGTGCAGTGGCAAATGAAATGGCGTAATCG,9.61874468534597,2.2637137660742663
TCAAAGAGCTAAGAGACCTCTCAAAATTATCCAGAGGTTCTTTAACTTATGTGACCTCATCTATTTGGACCACTGATAAAAACCTGAAAGTAAGCAAAAA,9.53465830057953,2.254933402078786
TGGTTACCAGAAGGACTTCTTTGCAGGGCCAGTGGTTTCTGTCAGATTTTCGC,9.11370602447849,2.209779436942771
CCGCCTTCCTACTACCGGCCCAGGATTAGCGCCCTGGGAGCGCGCGCCCCGCTGCCTCGCCGCCACACTTTCCTGGGAGCGGCGGCCACGGAGGCACC,9.09806617092019,2.2080618822495444
AGATTCTCTTTGTTCCGCAGCCATTTCAGGCCCCGGACAGGAGGCAGTGCCGCTTCGGCCGAAGGCCCGAGCGCCCGAGGCGTCTGGG,8.46177253499048,2.1355586711744072
GGGACCTGGTGGCCTTAGTCTTTCAGGTGGAACGGTGTGCG,8.25182376182215,2.1104342379550256
GAGCTGCCAGCCCGCCAAGACCCAGACCTGGGAGGGGAGGCCCCTCCTGTTAGCCCAGAGGGAAAGAAAGAACTGGGGCGATC,8.25182376182215,2.1104342379550256
GGGGAGGCCATAGCCACAATGCTTAACTGCATGCATCTAACATGGGGCTGGTTTTAACCCCAGCGCTCTGACCTAAACTGCTCAGCTCCCGGAAATTCCA,8.25182376182215,2.1104342379550256
TCCCCTCAGAGCGTCGGGATATCGGGTGGCGGCTCGGGACGGAGGACGCGCTA,7.90208177536309,2.067126240627513
TCCGTGCCGCGCCCGTCGAGCATTGCGTTGCTGCATTGCGCCCCACCGACTCCACT,7.55630658301328,2.0223825235929
AAATCTACTGAAAACCCCTTCGGCTGTTACTTCTGGATGTGATGTCGCAGTCTTTAGCCCATCCTGTCTGCTAGTGCCATCTGAAATCCTTCCTGGAACT,7.41324902763601,2.003268808478207
TGAGCGCGCGCCGCGTCCGGGGCCGGCTGGTGCGCGAGACGCCGCCGAG,7.07043123629392,1.9559214732808683
CTTTATCACTTGTATTTTTGGAGGTGGAAGGAAGAGTTCTAGTGACAGTGATTAGCATCTACTCTACATATACTTTGAGAGTACCTCACACACTATATAC,6.84737544847639,1.9238654326470448
ATTTATCTCTTCATTTTGGAGAGCCTAATAAACTGTTATTACAGTTTCTCTACTGACTTTCAAAAGTTTTGAAGTTTGAAAGACCTTTGCAATTAAAACA,6.49147986109,1.8704905264625924
CGGATTTAGATTGTCACTGCCACCTCGGTCGGTGCTTACTTCGCTGCCAGCTGGTCGTCG,6.4259566520771,1.860345514962402
TAGTAACAACCAATGTTCTTTCCACGCCCTCACTGTGTGTCCGGCACTGTGCGGAGCCACTTTTCTGCCTTTCATTTGATTCTTGCAGTGAGCTGGCGAG,6.17617903344698,1.8206998008785744
CGAGAGCGGGTGGCTGAGCCGGGACCTCGCGTGATTCTCGGAACCCGAGGAGAAGCGGCGTCCGGGG,6.12555321610304,1.8124690733485096
TACAGATCTGCCTCTTCTCCAAGAAACTCAACCACTAGTGA,6.12198218747494,1.8118859309265247
GCGCACTCTCAGGCCTTCCACCGGCGACCTTCCGGCGGGAGCCTGCGGGCGGCGCAGGAACGACCCTCCTTCCTCTGCCCCGCAGCAGTGCTGAGTAATG,6.12104090856416,1.811732165160464
CCGGCGGGAGCCTGCGGGCGGCGCAGGAACGACCCTCCTTCCTCTGCCCCGCAGCAGTGCTGAGTAATGGTGAGAGCAGCAAGGCCCTTGGCCGCCGCAC,5.87761794694813,1.7711515687676371
TGCGGACGCAGTTGCGTGAGGGGTTTGTACTATCCTCGGTGCTGTGGTGCAGAGCTAGTTCCTCTCCAGCTCAGCCGCGTAG,5.76121704241904,1.7511487444754097
AGTGAAAGAATGAACTTTTCACTTTTTTCAGAGATGTGATTTGTGATTCTCGGAATCAACCAGGGTCCTAAGATGTCCTGGAGGCCGTCTCCATTTCTCT,5.74522491622853,1.748369060443612
TTCTCTCTGGAGTTGCTGCCTGAAAAGGCTCCCTTGTAAGACAGCCAAGAAAACAGGAAGAGGGTTGGAGGCAAAGTTCCGAATAGGGATGAGGCATACG,5.70136382853637,1.7407054143847178
TCAGGCTGGAATGCAGTGGTGCGCTCTCGGCTCACTGCAACCTCTCCCTTCTGGGTTCAAGCGATTCTCGTGCCTCAGCCTCCCAAGTAGCTGGGATTAC,5.65731030835833,1.7329485687293824
CCCGAAACAGTAGCACAAGATTTAATTTTTAAAAGAGCGTGTTTCTTCGGGGCTTGCCGTTCGTTCGTTTCCAGCCTCAGGAATTTATGGTCGCCTTTTT,5.59703410730473,1.7222368337453504
AGCCCGGCATAGATCTTATCTTCATCTTCACTCGGTTGCAAAATCAATAGTTAAGAAATAGCATCTAAGGGAACTTTTAGGTGGGAAAAAAAATCTAGAG,5.5202073237926,1.708415418241775
CTGTACTTCCAGAGCGTTGGTTTCCACATCTACCCTATAAAGCAGCCTGCATGTTTCTCTCATTCTCTCGTTCGAGGAGTTGGAGGATAGCTGCTGCCTG,5.49560687056039,1.7039490222598273
CGACTGGGCCAGGCGCCGGGGCAGGAAGGGAGGCGGCCGCCGTGCCATTCTTAAAGGCGCCCGAGTGTAGGCGACAGGCCGCTGACGGCCGGAAGGA,5.49490024827378,1.703820434510428
CATTCTTAAAGGCGCCCGAGTGTAGGCGACAGGCCGCTGACGGCCGGAAGGA,5.49490024827378,1.703820434510428
AGGTCTCGCTCTCTCACCCAGGCCGGATGGTTCACTATAGCCTTGACTTCCCGGGCTCAAGTGATCCTCCCCGCTCAGCCCCTTGAGTAGCTGGGACCAC,5.38863381073519,1.6842918853965474
GCAGGGAAGGCGGAGTCCAAGGGGAAAACGAAACTGAGAACCAGCTCTCCCGAAGCCGCGGGTCTCCGGCCGGCGGCGGCGGCGGCGGCGGCGGCGGCGC,5.36883801972134,1.6806115014418956
CGATCCGAGCCGGGACGGGCTGCAGGCGGGGGTGCTGCAGAGGACACGAGGCGGCGGGCTGGAG,5.31012051752845,1.6696145313293311
CAGAGGACACGAGGCGGCGGGCTGGAG,5.31012051752845,1.6696145313293311
CATCTTCGCCGCTTCCTCTCAGGGGCCGCCGCCTCCTGAGCCGCCCAGCCCCGGGGCCGCCGCGCTGCGCCGACCGCCACCGCCGCCGCCG,5.23315769848463,1.6550148623238612
GCACTGAAAGGCCTCTAGGCCTAGGCGCGGCCCGCGGAGCCAGACGTGTTGCTGCCGTGAGTAAAACGAGCGCCCTCTCCGCACTCGTTTACAAATTAAA,5.20291963088369,1.6492199355011254
CTGTTGTTGGATTTGGGGAAATTTTTTGTTTGTTTTTTATGATTTGTATTTGACTGAGAGAAACCCACTGAAGACGTCTGCGTGAGAATAGAGACCACCG,5.12483593599933,1.6340985120241256
GAGGAGCAAGAGGAGGAGGAGGAGGAGAGGTCGGAGCCGTCTCCAGGAGCCCTTAGAGACCGAGTCCCGGCGGCGACGGCGGGGCAGCGCACCGGCAGGC,5.049161695195,1.6192222285561002
CCCGGGCGCTAGCCCACCTCCCACCCGCCTCTTGGCTCCTCTCCTCTAGGCCGTCGCTTTCGGGTTCTCTCATCGCTTCGTCGTTCGCCA,5.04738213074643,1.6188697189255423
AGTCCCGGGCGCTAGCCCACCTCCCACCCGCCTCTTGGCTCCTCTCCTCTAGGCCGTCGCTTTCGGGTTCTCTCATCGCTTCGTCGTTCGCCA,5.04738213074643,1.6188697189255423
TCAAGCGTTTCTCCTGCCTCAGCCTTCTGCATAGCTGGGATTACAAGCAAGCGCTGCCGCGCCCAGCTGTTCATTTTATTCTTCATCTGGCATTCTTTGA,5.04516059441408,1.6184294856902266
CCCTCCTGATCGACGACACACGCACTTGAAACTTGTTCTCAGGGTGTGTGGAATCAACTTTCCGGAAGCAACCAGCCCACCAGAGGAGGTAGACAGACAG,5.00933463411007,1.6113030987142078
CAGTGTCTTTATCCCTCTTTTGCACAGTCAGCTTCTGCAGCTCTCCCGGGCTA,4.9674490691165,1.6029064425712445
GTCGGCTCCGTTTCCCTTTCCGGGCGGGCAGGCGGCGGACCCCAGTGTCTTTATCCCTCTTTTGCACAGTCAGCTTCTGCAGCTCTCCCGGGCTA,4.9674490691165,1.6029064425712445
TGACCTCGTGATCTGTCCGCCTTGGCCTCCCAAAGGTTTGGGATTACAGACGTGAGCCACCGCACCCAGCCGATATTGTTTTATTTTAATCAAGGCAAAA,4.93565388934146,1.5964851644811888
TGGCTGCAGGGGAGGCCGCGGCGGGGAAA,4.88834499192112,1.5868537987406195
AGTGGAAAGAATGTTTTGGAAGCGGTTTGATTTGGGGGACTAAATGTGCTTGGCATTGACCACAAAGCCGCCATTTCTGTACTATGTACAGTTCAGGAAT,4.88698778988002,1.5865761197950294
GCTCTTCGTCCCACCTCCTCCTCCTCCACCCCTCTCCTCTTGCCTTTCGACCCTCCCCACTTCCCCTCCCCCACTCTGCGGGCAAATCGCTGCTGAAAAG,4.88074497352431,1.585297866723011
GGTGACTGCAGCTGCTCAGCTCCCCTCCCCCGCCCCGCGCCGCGCGGCCGCCCGTCGCTTCGCACAGGGCTGGATGGTTGTATTGGGCAGGGTGGCTCCA,4.86354307890678,1.581767200881793
GATTTTGGTCATGTTTGCATTTTAGTTTTTGGCTTTCACCCCCAACCAGTGACCAAAGACTTGACCACTCAAAGTCCAGCTCCCCAGAACACTGCTCGAC,4.85668004169097,1.580355085486681
CCGCCTTGGCCTCCCAAAGTGCTAGGATTACAAGTGTGAGCCACCGCGTCCGGCCTTTCAAATGGTATTTTTGATTTTCCTCTTCCAGTCCTTAAAGCAG,4.85090836847912,1.5791659798822684
TGATTGGCTCCTGGGCTTATAAGAAACGCGT,4.8318494832896,1.575229310165886
GGGATAGCTGGTTACCAGAAGGACTTCTTTGCAGGGCCAGTGGTTTCTGTCAGATTTTCGC,4.79018869492746,1.5665698041599596
GGTTCTGCCCTAGGTCTTGCTTGGCAGTCTATTTGATTTCTTTAGCAGTTAATGCTCAGTTTTTTGGCATATGTGGATCTGCCTCCAGAGCAGGTACAAG,4.77719809709554,1.5638542024815565
GGTTCAGCAAGCCCCGAGTGCAGTTATTCCCTCCACCCCTCGCCCTATCTTCTCCTCCTCCAGGCAACTTCTTTGCTTCAAGAAAGTTGCATAATTCTCG,4.7701875357583,1.5623856198000088
TGGAGACTCCTGCGTCCTCCGACTTT,4.73715084401433,1.5554358672206223
TGACCCCTAGCCCTTCCTTCCCTCCCTCCTTCCCTCCTGTCGCCGTCTCTTCTGGCGCCGCTGCTCCCGGAGGAGCTCCCGGCACGGCG,4.7289251752631,1.5536979410081408
CTAAAACGCGGTAGCTAAACTGCAGCCAACTTTGGTTGTGTGTGGAAAAGGCTTTAGCC,4.69726733721576,1.5469809220135802
TGAGCTTCTCCGGCGGCGAGGGGATAGCTGGTTACCAGAAGGACTTCTTTGCAGGGCCAGTGGTTTCTGTCAGATTTTCGC,4.68580393058223,1.544537497678475
GGGTCGAGTCAGTGCCGTTTGCGCCAGTTGGAATCGAAGCCTCTTAAA,4.67957340907862,1.5432069538686903
TGGGGTTCCAGCCTGCTGTCTTGACAGGAACTATACCATCAGCTCTCCTGGGTCTCTTACATGCCAAGTCATCCTGCAGATCTGGGACTCACTCCGTAAT,4.6149413975928,1.5292991696277782
GAGGAGACTAAGCTCTCTTCCTATCCCTAGCCTCGCTGCTTTTCTCTTTTGAAATAATAAGACTGGCTTTTATAAAACATTTTCAGATAGGTAAAGGAAA,4.61250100305943,1.5287702268320809
GGTTATCTACTTTTGAAGACACATCCAGATAATTCAGGACAATCTGTCCATTTTGAGGTTCTTCATTGAATCATGTCTGCAAAGTCCCTTCTGCAATCTA,4.60620521092776,1.527404353364737
CATTGTGGGCCGTCCGCGCGCCCGTCCCGTCGCCGCCGCCGCCGCCGCAGACCCCTCGGTCTTGCT,4.59183992824273,1.5242807995775238
CGGGGCGACAGCTGACTTGCTGAGAGGAGGCGGGGAGGCGCGGAGCGCGCGTGTGGTCCTTGCGCCGCTGACTTCTCCACTGGTTCCTGGGCACCGAAAG,4.57314623042236,1.5202014210774948
TCGTATCTGCCTAATGAGATGGCATTCTTTACTCATTTTATAGGAAGTGTTGTATTATGTTTTGTTAGGTCTGTTGCTGGATATTTATCATCGTGAAGAA,4.55887680415066,1.5170762783065614
TTAGAGCAACTAAACTCTAAGTGCAGCGGGTGCGATGCGTCAGTAGGGTGAGCACATAAAAAATCCATGTCTTGCACCTGTATTTTAGCGTACTATGCAG,4.55191831331442,1.5155487514333157
CAATGCTGCTGCCGCCGCCGCCGCCGCCTGCCGGGTATTCCTGCTGATCCTGCTCGGACCTTAGCTTCCCTGACCTCTCCCTGCCCGGGGA,4.46101869654032,1.4953771472470334
GGGTGTTTAATCGTCGCCAAGCGGGACTTACTGCAAGCTATCAAATCTGAGGTCTTATTTTGTTGAGTCGAAAGTGAAATTTTCCTTTGGCCAACGTGAC,4.45614734886196,1.4942845695966578
ACTCTCTTTGCTCACAAGTTACCAAAAAAAAAAGAGCCAAC,4.39982222541001,1.4815641367920729
CATGTCTTTTTTGTGTGTTTGTTTTCATGGTATTCCTATG,4.34724544744917,1.4695424140540445
GTTCGCTGCTGATTTGCGAACCTTTGCCTGACTTTCTCAGGCCTTGAGAGATCTAAGTAAATTTGGTGGCCCATTGAAAGGACCTGGAGAGAGCGTATGA,4.3353852958612,1.4668104865276883
CCGAAGCTCAGCGCTCCGCTGGGGCAGAGGGTCGCGGCGGCTGGGAACGCCGCTCCCCGACGCACCGGCCGCCCCCAGCGCAGCGCGCTCCGCGGGGTGC,4.3353852958612,1.4668104865276883
TGTTGTTTCGCCTGCTTCCCCTGTACCCAGGTCGGCGGCTATAGAGATTGTGGACGGCGCCATGGGTTTGCCCGATTTCTGCTGTAAAGAATAAGACTAG,4.33139957277531,1.4658907167567092
AGGAAAAAAACAAAACAAAACAAAAAAAACCCAAGTCCCCTTCCCGGCAGTTTTTGCCTTAAAGCTGCCCTCTTGAAATTAATTTTTTCCCAGGAGAGAG,4.30858614078885,1.460609808717934
GCTTCGCGCGGCCCTGCCTCCCTCTCGCCCGGCGGCATCCGCTTGCTGCTGCCACCGCCTCCTCATCTTCTGCCCGGCCAACCGGCCTGCCCCGCTGCAG,4.2989056562528,1.4583604917634057
CGCGTTGCCGGCGAAGAGGGGAGCCTGACGACTCGGAAATTTGAATACCACAGTA,4.29146041951003,1.4566270991369912
TTCCTCCAGGCCTCTGAAGAAGAAATTCAGAACAAAGAATAATAGCAGTTAGAGTTCAGTCCTGTTTCCCCTAATCTG,4.28106861953971,1.4542026558920238
CGGCGGAGCACGCGTGTGTGCGGACGCAGTTGCGTGAGGGGTTTGTACTATCCTCGGTGCTGTGGTGCAGAGCTAGTTCCTCTCCAGCTCAGCCGCGTAG,4.28102314980379,1.4541920347173989
GCACGCGTGTGTGCGGACGCAGTTGCGTGAGGGGTTTGTACTATCCTCGGTGCTGTGGTGCAGAGCTAGTTCCTCTCCAGCTCAGCCGCGTAG,4.28102314980379,1.4541920347173989
TTGGGAGGCCGAGGCGGGCGGATCATCTGAGGTCAGGAGTTCGAGGCCAGCCTGACCAACATGGAGAAACCCCGTCTCTACTAAAAATACATAATTAGCC,4.27928526864314,1.453786002341093
GTCTCTTTCTTGGAGTGGGAAAGAAATGTGTGGTGCTGGAAAGGGAGGAAAAATATAAAACAGATTCTTACATATTAATATCCTCTCCCCAGATCTGACA,4.26893171568235,1.4513636122584268
TGCGGTGGCGGCGGCGGCGGTGGCGGCGGCGACTGCTGCGGTGAAGGAGGAGGAGGAGCCGAGCGGGCGCTGGCACCGAGGCCTGACC,4.21680796702239,1.4390784359097577
ACTGAGCTCTTAGAATAACAGAGCTCTTCACAGTAAACTCATTTGTTCTCTCCCCACTTGTATTGTAGAAA,4.21382353597465,1.4383704388465852
ATTTCTCAGGTCCCTCCGGCCCCCTCCCTGGAGTCCACAGCGCCTCCGGTGTCCAGAGGATCGGACACGGCCCGGCCCGGCC,4.19155510656208,1.4330718122268342
GGCTGGAGCACAGTGGCGCGTTCTCGGCTCATTGCAACCTCCACCTCCTGGGTTCAAGCAGTTCTTATGCCACAGCCTTCCAAGCAGCTGGGACTAC,4.17976182081629,1.4302542642472458
ATTCATGGTTTGTGCACCTTCCCTGCTATACAGACTGGACTTGAACACTAAGTCTTCAATAGCTGAGATTCTCCATCTTAATCTACTTGGAGGCAAGAGC,4.17927831497511,1.4301385797107764
GAAATCTTAAAGTAGAAGCGTCACAGGACTTGTTCTTCCAAATGCTGCATGGCAAATATTATTAGGAAATATACTTAACATTTATTTATTTTTATTCTCA,4.16607608568331,1.426974606158157
TGGGCGCAGCGCCGAGATTGATTCACCTTCACCTGTGCTGCACTCCAGCTGACCCAAGTAGGAAGCCAGACGAGCTGTAAA,4.15965418531909,1.4254319422887392
GAGGCCGCGCGCACAGAGCGAGCTCTTGCAGCCTCCCCGCCCCTCCCGCAACGCTCGACCCCAGGATTCCCCCGGCTCGCCTGCCCGCC,4.15193116547005,1.4235735670821454
AGTCTTGGTCTGTCACCCAACCTGGAGTGCAATGGTGCCATCTCGGCTGGCTGCAACTTCCGCCTCCCGGGTTCAAGCAATTCTCCTGTCTCAGCCTCCC,4.1062708302765,1.4125152760602
GTCTGGAAATTTCCCACCCTGGGTGCGCTTTGACTGTGCCAAGGCTTGAGGCGAAGGTCCTGGGAGCAGGAGCTGGAGGAAGATAATGCATCCTTTCAGG,4.10588733723368,1.4124218796508088
GCAGCGGGTTAGTGGTCGCGCGCCCGACCTCCGCAGTCCCAGCCGAGCCGCGACCCTTCCGGCCGTCCCCACCCCACCTCGCCGCC,4.10292787710536,1.411700835217656
CCCCTCCTCTCCTCCCTTCGGACCCATAGATCTCAGGCTCGGCTCCCCGCCCGCCGCAGCCCACTGTTGACCCGGCCCGTACTGCGGCCCCGTGGCCACC,4.06152316261417,1.4015580664629828
CTGTGGGTACCCGGAGCACGGAGATCTCGCCGGCTTTACGTTCACCTCGGTGTCTGCAGCACCCTCCGCTTCCTCTCCTAGGCGACGAGACCCAGTGGCT,4.05536336472292,1.4000402926089317
GCCCTCTTAGAAGATAGAGGAGCTGATTCAGTGTATTCTTTCATCAAATACTGATTGCTTGCAGACTTAACGCCCTATACCATCCTCTGGAGACTTCTGC,4.05238354015725,1.3993052364373966
GGAGGCGGAGGTTGCAGTGAGCTGAGATTGCGCCATTGCACTCCAGCCTGGGCAAGGAGAGTGAAACTCCGTCTCAAAAAAAAAAAAAAAAAATTATTTC,4.03561465147923,1.3951586201033397
GCTCAGCTCGCCTTTCCGGAAGCAAGGACTATCACCCCGACAATACCTTCATCCGGGCGGAAGCGTCTCACCCTGAGTCTGATTTGGCAGTGACGAAGCG,4.03106701544435,1.3940311090140387
GTCCCCACCTGGTTGGAAGGCTGTGGGTCCGGGAACCCGAGCCCAAGGAGTGGGGGCGGCCCCGGAGCGAGGCTCACACTCCCTGCCCTGC,3.99646989621533,1.3854114455184294
TCCTCCTCCCCTCTCACCCCGCCATCCCCACCAGTCCCCACCTGTCTCTGTAGACTGCAAGACTCATCAAGTGACTTGCTGAGCAAACCCTGCCGAGAAG,3.98157310064334,1.3816769926230057
GAGGGCCGCAGCTGGGCCGCCGCCGCCGTTTCCTGCGAGCCAGCCTGAGCGCAACACTTCTCCGAGCCAGCGAGCCAGCGAGCCGCCGACCCGCCGAGCA,3.97516287257425,1.38006572149939
GATGCAATGACCAGCTAATGGCTCGATTCTCAAGAGGGTTTCATTGGTCTCAACCTGGCCCCCCAGGCAACCCACCCCTGATTGGACAGTCTCATCAAGA,3.96559166172043,1.377655065069311
CGACGCAGATGCGAAAGTGGCGGCCTCCGGGCACCATTTCTGTGCACGGAAACAGAATCCGGGTTTGA,3.95244340274237,1.3743339706421978
GTGCGCCTTCGTTGTCTTCTCCAAGCTGTAGTTCTACGTCCCGACCTCCCTATCATACCACACTCTTCAGCGACCACGCAGGCACTTTCCCGGTCCCCAG,3.94512878437613,1.3724815987272658
GTCGGAGGAAGGGGGCGGCGAGCAATAAGAACCCGCCGCACCCGGTCCTCAGCGACTCTTCTGACCTCCGCGCGACGTACCCGCCGCCGCCGTTGGCTGG,3.94406632068479,1.3722122521884583
CCCCGGCCCCCGAGCCCGCAGATTGCCCACCGAAGCTCGTGTGTGCACCCCCGATCCCGCCAGCCACTCGCCCCTGGCCTCGCGGGCCGTGTCTCCGGCA,3.92612144219934,1.36765202818262
CACACAATGAAGTCTTCCAAATCCTGGCCCTGCTTATGAGCTTGGCAAGTTAGTTAACCTACTGAAGCCTCAGTTTCTCCATCTACAAAATGGAGACCAG,3.90708308007148,1.3627910802623802
CCGGGCGGGCAGGCGGCGGACCCCAGTGTCTTTATCCCTCTTTTGCACAGTCAGCTTCTGCAGCTCTCCCGGGCTA,3.88778993897083,1.357840857096143
TGCCGGGAGGAGTGGGGGCGGTGCCTCACGTCTGGTACAGTCATCACAAGCCTGTTCGGCGGGACTG,3.8845144790212,1.3569980027848902
CCTAAGCAGTGTGATAACTTTTTTCCCAGACTGGATCGATATTCCTTAGCTGGTCCTGTTGCAGCAGGAGTCCGGTGACTGGAGAGAGGAAGCTCTTGGG,3.87708282575214,1.3550830218219967
CGCCGCTTCGCTTACCCAGTACCTAGTGTTCCGTCGTGTTTGACCAACCCCCCTCTCCCTGCCACCGCGGGTTTAATCCGAACGTGTTCGGATACTGGAA,3.86588509576284,1.3521906586069434
TCATTCCTCCCAACGATGGATGGGGAAACTGAGGCAGCCCAGAGCAGCCCCCACCCTAGGTCCTGCCCGGGACACGCCCACGCGGGACCTGTGTCACCAG,3.84597217444176,1.347026412205876
AGCGCCACCCCGACGGCCACCGCTTCGGAGCCAGCACGCGGGGTACCCTACGGGGAGCGC,3.82331486663095,1.3411178124608818
TTTGCGGGGTGGCCTGCGCTGAGGCCTGCCGCGCGCGGTGAGTCCGCGCAGACCTGACCCTGCGTCTCGCAGCTCGGTTGAGGCCGCCGCCGCCTTCTCG,3.82049950402264,1.3403811742854628
CTCTCCCTTCTTGACCCCTAGCCCTTCCTTCCCTCCCTCCTTCCCTCCTGTCGCCGTCTCTTCTGGCGCCGCTGCTCCCGGAGGAGCTCCCGGCACGGCG,3.81984024432563,1.3402086008868024
GGCGAAGTGGGGGGGGAGGCACGCAGCAGCTCCCGAAGGCGCGCTGATGGAAGCTTAATACAGGAAGTGTGGGAGCAGGCTTTCTGGAGGGGATGTTTTA,3.80896452018325,1.337357372720412
GCTTCCTCCTCGGCGTTCCCACGCCTATTTGGGCGGATTCTTGGCGCCGGAGGAAGAGGCAGGGTCACCCTCTCTCCACGTCAGAGACCTGACTGTGGAG,3.80830119611643,1.3371832094200358
CATTGTAGGAACAGCAGTCTCAGCGGTTAGCAGCACA,3.80067292944941,1.335178137751555
CCCAGGCTAGAGTGTGGTGGTGCATCTCGGCTTACTGCAAACTCCGTCTCCTGGGTTCAAGCAGTTCTCCTGCCTCAGCTTCCCAAGTAGCTGGGATTAC,3.79081635229652,1.3325813922841705
CCCCGGCTTCAGGGCTGCGGGGCCTGGAAGGAGGCGTATCGAGGCGGCTCGAAAACGATCCAGGGGAGCCGAGGCGCTCCTCTTGTCATCCCACTCAGCG,3.79049642978846,1.3324969946297152
CCTTTCATTTTTTTTTCTTTTTTAAGAGCGAGCGGCTCTGCGGTGGCGGTTTGGGGTGGGCGCCGCCGAGGTGAGGTCGTCTCGCCTCCCGCGCGCCGGT,3.77633138478056,1.328753005232437
AGTGCGCGTGCGCTGCCTCTCAGCCCAAATTGGAAAC,3.77256367578115,1.327754790452118
TGAAATTGCAATCATCTTGTTTTTGGGGGAATGGAGTCATTCCATATTGGCTCTTGAGTATGTCTGCCACCACTCTGATTCTAGCTGGAGGCTGCCAGAA,3.76584353709195,1.3259718831934424
GTTGCGCGCACAGAAGGCTGGCGTAGCAGGTAAAG,3.76334481685356,1.3253081409113634
GAGCGCGGGAGCCTGGGCGGCGAGCCGGGTGTGAGCTGCCTGAAA,3.75119511713301,1.3220744871110663
GGGTCCCGACTGCCCACCTCCTCCTCCTCCCCCTCCCCCCAACAACAACAACAACAACAACTCCAAGCACACCGGCCATAAGAGTGCGTGTGTCCCCAAC,3.72951352123106,1.3162778018874206
CGGGCGGGCAGGCGGCGGACCCCAGTGTCTTTATCCCTCTTTTGCACAGTCAGCTTCTGCAGCTCTCCCGGGCTA,3.72623016712753,1.3153970435209794
GCCTCCCCAGTTTGAGGGCTGTTACCCCGTGCGCGCTTCGACGTTGCTGCTGTTGGCTCTCCTCGCCCCTCGTTCCCTTGGGAACCGCCTGGGAACTCCG,3.72461893118766,1.3149645462461788
GCCTATTAGTGTCATCCTCACCGTCACGGCCGGCGCCTCCTCCTGGATTCATTCACTCGCTCTTTTCATTCACGAAGGTAGTGAGGCCTAGTGGAAAGCC,3.72078348164269,1.3139342594539876
GAATCTCTGAAAGACTGACCGACTGACTCTGACAGGATCCGGGGCTGAGGGAAGGAGGCGGCGGCC,3.71696372798085,1.3129071328550317
GGGCCGGGGGCGGGGCCAGGCTATAAACCGCCGGTTAGGGGCCGCCATCCCCTCAGAGCGTCGGGATATCGGGTGGCGGCTCGGGACGGAGGACGCGCTA,3.70896063609125,1.3107516853724746
GGGAGCGGGAAAGCGGTCGCGGCCCCAGGCGGGGCGGCCGGGATGGAGCGGGGCCGCGAGCCTGTGGGGAAGGGGCTGTGGCGGCGCCTCGAGCGGCTGC,3.70896063609125,1.3107516853724746
TTAGAGGCACCGCCTGCCCAGTGACATGCGTTTAACGGCCGCGGTACCCTAACTGTGCAAAGGTAGCATAATCACTTGTTCCTTAAATAGGGACTTGTAT,3.70500427003991,1.309684411254784
GGCGGGGCAGTGAGGGGCGGTGCCGCGCTGGTCCCGCGCCGGTCCCGGTGGGCCGACTTCCGGCGAGCGGGCAAGCGGGAACCAGGTGGCCACCCGGTGT,3.70460648118213,1.3095770402007525
CGAGCAGCACGGCGGGAACCGGCAGCCGGAGCAGTCCCGGAGCAGAAGCAGCAGCAGCAGCAGCAGCCCTCGCCGTTCGCGGAGCGCAGCCGAGCCGGCC,3.70118702529116,1.3086535858454609
AATAATGTTGATGAAATCGCAATTTAGCATGTGATAAGAGGTAGTCTCACATGTTGAGGTTAAAATGAAATGTGTTTGTATGTTTTTTTTTTAGGAGATC,3.69903397835818,1.3080716986308307
TATGTGATTATTTGCTGTATGCTATTGTTTAGCCTTTGAAACTTCTGCTGGTGTGAGTGCCCTCAGGGGTTCCCCAGGAATATCGATACAACACCAACAG,3.69903397835818,1.3080716986308307
AAGCACCTACTCCACAGGTCCAGCCGGCCGGTGAGCGCCTGGGGACCGCAGAGGTGAGAGTCGCGCCCGGGAGTCCGCCGCCTGCGCCAGG,3.69292688477831,1.306419337347415
GTGGGTGGCATCTGACTACCTAAATTCCCATCCCAGTTTCACTTACTGACTTTGACACTTGGAACAAGCAGCCTCTCAGTGCCTGTTTTCCCACTGGCAG,3.6921599411698,1.306211636712516
GCAGCGAAGAGTGTACAGCGGGCTTGGCTGGGGCAGGTCGGTGGCCCCGCGCCCTGCTCCAGGGGAACCAGACTGTGTAATCTGGCTTCCGAAGAAAGGA,3.69037558505128,1.3057282374394807
CCATCGCCTGGCCCCGGCTCTCTGGACCTTGTCTCGCTCGGGAGCGGAAACAGCGGCAGCCAG,3.6764084055846,1.301936298862113
AGAGGAAGCCATCGCCTGGCCCCGGCTCTCTGGACCTTGTCTCGCTCGGGAGCGGAAACAGCGGCAGCCAG,3.6764084055846,1.301936298862113
AGGCGCAGAAGAGGAAGCCATCGCCTGGCCCCGGCTCTCTGGACCTTGTCTCGCTCGGGAGCGGAAACAGCGGCAGCCAG,3.6764084055846,1.301936298862113
GGCCCCGGCTCTCTGGACCTTGTCTCGCTCGGGAGCGGAAACAGCGGCAGCCAG,3.6764084055846,1.301936298862113
GTTCAGTTTCGACAGGGATATGCATCCGGGAGAGAATTTTTCAGCCCCCGCCCCCACTGGCATGTGAGAGGAGGAACTCGCTGTTGCCCTGTGTCTTCCC,3.66846717895033,1.2997739124098862
TTTGTAATAACATGGTTGAAGTAAAATAACTTGTAGGAAGTTTTTGATAATACCAAAACTTGATAGGCAGCTTCAATTTTTTTTCTTTATTTTCAGTAAT,3.66131933566475,1.2978235566833922
AGCGTTTGGGAGACGATCGTTCCGTCCCTGGGAGCGGCACTTGGTGGGGCTGGGCGGAGGGAGGCTCTGCAAGAGAAACCCGGAGTCCGGGAAACCCAGT,3.65559574625643,1.2962590747913214
GCAAGCACTGCTACCTAACTAAAGACCTTGGCTTTGGAAACATCTTACCCCTTGGCAGCTCTCCAGAGTTTAGACTTGGCAGCATCAAAGACACAACGCA,3.65559574625643,1.2962590747913214
TGATCCAGGCTGTCATCATCTTCATCACTCATGTTCAGAGTTACCCTAGAGGTCATCTCCATTTCATCCAGATAAATGAGTATGCAAGGAACGTTTTTAT,3.65559574625643,1.2962590747913214
CGGCTGGCTTGTCCCGCCCCTGCCCCTGAGTGACAGAACCGTGGACAGCAACATTTCCCACAGGACACGAAGTTTGTCGGCCCTTGCCTTGGCAGAGCTG,3.65559574625643,1.2962590747913214
AGCACGGTTCCCATAAGGGCGGCGAGATCAGCCTCCTGTCTCATCTGGAAGACCACCACTCTGGGGTCTCAGAGGA,3.6536006908682,1.295713171981091
GTTCTGATGACATTGCACATTATTATGTGTGTGGTTTTTGAGACATTCATTAGCCAAAGAGAAAGTTAAAATATACCTTACATATATG,3.60717222529373,1.2829241482985008
AGGCTCGGAGGCGGCAGCGCGGTCCCCGGCCAGGAGCAAGCGCGCCGGCGTGAGCGGCGGCGGCAAAGGCTGTGGGGAGGGGGCTTCGCAGATCCCCGAG,3.59517080416402,1.2795915016338053
AAGAGAGTAGATAGCATGGGAAGGTCCAACCCATATCCAGTTGGAGTCTGAGAAAAGTGAAAAGAGAGAATGGGGGAGAAGCAATATTTGAAGACATAAT,3.59502868930384,1.2795519714760322
AGGCGAGTCGCGGAGGGGAGAACGCGAGAGGGCGTTGAGGTCTAGGTATTCTAACGACAGAGGAGTTGGAGGTGCCAGAGAGGCAGCTGTGACCGCCTAG,3.58426678800447,1.2765539309595864
GATGCGGGAAAATCGCTCTTGGAAGATGCAATTGCTTTAATAATCGACTTTCACCCTTAGTAGCAGAAAAACGACCGTGGCCACAGTACCACAAAGTCTC,3.57637713448976,1.2743503144153936
GCGCCGCGGGTGGGCGGTCAGTCGGTCAGCGCGGAGCCAGCCAGCGGGTGCCCGCGCAAGCCCCGAGCGCGGCCGGCCGGCGCGGCCTCAGGGCGGGAAG,3.57203185429393,1.273134580749946
GGGCGACTGGGCCAGGCGCCGGGGCAGGAAGGGAGGCGGCCGCCGTGCCATTCTTAAAGGCGCCCGAGTGTAGGCGACAGGCCGCTGACGGCCGGAAGGA,3.5547451763699,1.2682833803400255
GCGTACCGGCGGGCTTCGAAACCGCAGTCCTCCGGCGACCCCGAACTCCGCTCCGGAGCCTCAGCCCCCTGGAAAGTGATCCCGGCATCCGAGAGCCAAG,3.55469549169593,1.2682694032421666
GAGAAGATAAATCCTGTCTTCAATACCTGGAAGGAAAAACAAAATAACCTCAACTCCGTTTTGAAAAAAACATTCCAAGAACTTTCATCAGAGATTTTAC,3.54514610387178,1.2655793732030176
GGGTCGGTCCTCTCCGGCACTTGGGCTCCAGTCGCGCCCTCCAAGCCCTTCAGGCCGCCCCAGTGTCCTCCTCCTTCTCCGGCCAGACCCAGCCCCGCGA,3.53050884624611,1.2614420096349437
TTTGGGCGGATTCTTGGCGCCGGAGGAAGAGGCAGGGTCACCCTCTCTCCACGTCAGAGACCTGACTGTGGAG,3.52717625744569,1.2604976237636154
CCGCTGCCCGTGAGCTAAGGACGGTCCGCTCCCTCTAGCCAGCTCCGAATCCTGATCCAGGCGGGGGCCAGGGGCCCCTCGCCTCCCCTCTGAGGACCGA,3.51030474540179,1.2557028557607504
GAAGTACACGAGGAACCGGCGGCGGCGTGTGCGTGTAGGCCCGTGTGCGGGCGGCGGCGCGGGAGCAGCGCGGAGCGGCAGCCGGCTGGGGCGGGTGGCA,3.503388674675,1.253730692863347
AGCAGTCTCAGCGGTTAGCAGCACA,3.50046857426714,1.2528968378965
TTGTAATGTATTGCTGGATTTTATTTTGCTGTATTAGCTCCTCAAGAGTTACTGATCTATGAA,3.49521319760809,1.2513943745715383
ATAAGTTAATAGTGACATCACCGGATTATGAATACTTGAGAAGCATGGGCCTTTTAAAAGTTGTATGTGAGTTTTAAGAGGCCTTGAATTAATCTGTACC,3.48473117676698,1.2483909040111407
CTCGGCCTGTGCCGCCGCCGACGCCGCTTGTGGGCCCGACTCCGCTCTGTCTGCTTCGCCACCTTCTCCCCGAGCACTGCCCGGCCGGCCG,3.47731636854708,1.2462608378272584
CACCTGCTCCGTGGCCTCCCCGGAGGCGATGAGCCAACCCCGGTAGCTCCAGAGGCGTGGTCCCCTCGCCTTCGCCGGTCAACATGACTCAGCATCCTCG,3.45312088251894,1.2392784257646647
GGCAGCCCAGTTTCGCGAAGGCTGTCGGCGCGCCGCGGCCCGCAGGCACCCGGCACGCGCCTTCCCCGCAGGCACCCGGCACGCGCCTTCCCCGCCGCCA,3.44537842448473,1.2370337458884864
GAGAGGCTGAGAGAGTCGGAGACACTATCCGCTTCCATCCGTCGCGCAGACCCTGCCGGAGCCGCTGCCG,3.44207274842488,1.236073833075839
CACAGCACCCTCCTGAAAACTGCAGCTTCCTTCTCACCTTGAAGAATAATCCTAGAAAACTCACA,3.4377834813023,1.2348269268803915
GAAAGACTGAAGATTGTAGATCCAAAGACTGAAGATTGTAGATCCAAAGAGACTAGAGACATGACAACCAAATGCAAACATGATCCTGGATTGGATCCTT,3.43505410056733,1.2340326753515465
GGAGCCCCTGGATAGCCTTTCTTGCCGACAGAGGCGGGAGAAATTTGCTACTTCCTGTATACCTTATCCTTCTCCCTTCCCAGTCTAAGATACGAACTAT,3.42310637926889,1.230548436853309
CCAGGCTGGAGCACAGTGGCGCGTTCTCGGCTCATTGCAACCTCCACCTCCTGGGTTCAAGCAGTTCTTATGCCACAGCCTTCCAAGCAGCTGGGACTAC,3.42046077465515,1.2297752714306496
TGCGGACTGAATTACACCGCTGGCTTTCCTTGTTCTCCAGCTTGCAGGCAGCATACTGTGGGACTTCTGGGCCTCCATAATTGT,3.41470286019696,1.2280904790459202
GGGACTCTGCCTCTAAGGATGATGTCTGCCTTGGCCTGCCATGCCTGGAATTCCAATTCATCTTTACTGGTTCTAAAG,3.40977659282255,1.2266467738478994
CCAGGCTGGAGTACAGTGGCGTGATCTTGGCTCACTGCAACCTCCACCTTTTGGGTTCAAGTGATTCTCCTGCCTCAGCCTCCTGAGTAGCTGGGATTAC,3.40682251097312,1.225780041922087
CTTTTGACAGTGTTTTAGAATTGGCATACACATTTTGGATGCCTGCTGACTATGGTGATAATCTCTCTTTGCGTTCTGCGATGCTTAGTGGTCGTGGAAG,3.40314061826384,1.2246987165174803
TTGGACTAGAACAGAGGTCTCCTGACTCAGTCCAGGACTCTTTCTATTACATCATGCGGCCTGATATTTGTCTTTATGGAACTCAGCAACATCACATACA,3.40012959199635,1.2238135461887905
TCCGGGTCGGCTCCGTTTCCCTTTCCGGGCGGGCAGGCGGCGGACCCCAGTGTCTTTATCCCTCTTTTGCACAGTCAGCTTCTGCAGCTCTCCCGGGCTA,3.39808896401786,1.22321320419538
TAGAAATCAACCTTCTTTTAGCGGGCGTGTAGCGCCAGCGCGCTGTGACGTAATGTGAGGGGTCTCCCGGCAGGGCTGAGCTGGAC,3.38047528295301,1.2180163158676751
GACACCTGCGGTCTCCCGCCGGGCTGGGCAAGCGC,3.37712629177147,1.217025138326742
CTGCAGGCTGTTTTCCCAGGTTCCCTCGGCCTGTACCTCGCGCACTCCTCTTGCTCCAGGTCCTTCAGTCTCCGCTCGTCTCACCGTAGGCTGTGACGAC,3.3769423821549,1.216970679414494
TGGGGCAAGGCCCCCTGTGGACGACCATCTGCCAGCTTCTCTCGTTCCGTCGATTGGGAGGAGCGGTGGCGACCTCGGCCTTCAGTGTTTCCGACGGAGT,3.37609793896655,1.2167205866703088
TCCTTGTCCAGTGAAACACCCTCGGCTGGGAAGTCAGTTCGTTCTCTCCTCTCCTCTCTTCTTGTTTGA,3.36754024224345,1.2141825794146317
AGCGTGCTTCCCGCTGCGGGGACGTTCGAG,3.36078955725982,1.212175933649635
CCAGGCTCGAGTGCAGTGGCGTGTTCTCGGCTCACTACAACCTCCGTCCTCTGGGCTCAAGCAGTCCTCGCATCTCAGCCTCCCAAGGAGCTGGGACCTC,3.32984998116688,1.2029272522769026
CCTTCTGGCGGAGCGTGCTTCCCGCTGCGGGGACGTTCGAG,3.32776257732125,1.202300179464932
TACGCGCGTGTCATGAACCCTGCCGAGAGGGCCGGGGCTGAGGCCCTCAGGCCGACCCGGACTCTTGGGCGCGGTCTCTTGAG,3.32771811966791,1.2022868197527294
TGAGCCCGGGAGCCGGAGGTGTAGCGGCAGAGACATTGTTCTTGCCGGCTCCCTACGGTGCCGTGTGTGCGTGAGAGAAGACCAGTCTTTCCTCT,3.32519847235984,1.2015293632616748
AGGCCCAAGGCGAAACGGAAGGATCCTCATGTACAAAACTGAGCGGAATGGAGCTGTGAGCACGCATCAGGTGCTGTTTCAGGCCTGGCACGTAGTAGAG,3.32281261414422,1.200811597214956
GCCACGTAAGACGTGCCTTTTGCCTGCCGCCATGTAATATGTGCCTTTGCTCCTCCTTCGCCTTCTGCCATGATTGTGAGGTCTCCCCAGCCATGCTGAA,3.3223238152512,1.2006644824343655
CCCGAACACGAGCACCACAGGCGCCCGAAGGCCGGAAC,3.31911629023856,1.199698569857854
AGGAGGAGGGGAGAGGCCTGGAGGACACCA,3.31866133343416,1.1995614887952133
GTCGCGCGGAGATTGCTGGGCGGTTCTTGCCGGAAGCGGAGAGCGGCTGATCGCAGTCCGGAGGTGAGGCGGAACTCTGAG,3.30979425989598,1.1968860303260132
GTTCTTCCATCTGACTCAGGTTTGCTTCTCTGGCGGTCTTCAGAATCAACATCCACACTTCCGTGATTATCTGCGTGCATTTTGGACAAAGCTTCCAACC,3.30979004151058,1.196884755809304
CGCGGAGCCCGGCTTCCGACGTGCAGCCTGGCAGTGCAG,3.29948466103724,1.1937662929556248
CCAGGTAGTGCCCGCTGGAGCTCGCGCGCTCATCCGGCACCACTCCAGGGCTCCAGGCTCCTCGGGCTTCCGGAGTCGAGACG,3.29539681313715,1.1925265895766826
CATCATCAGTTCAGCTTTTTTTTTTTGGTTGTTGCTCTTTTTTGGGGGGGTTGGGTTTGTTGGTTTCACTGAAACATTTAACTACCTGTAAAATCTAAAC,3.2930384845865,1.1918106901119985
ATCCGGCCAGGCGCTCGCGCTGGGTTCTGCTCACGCCCGTAGGGGCCCGCGTTCGCTGCAACGGGCCCTTCCTG,3.29100619107991,1.191193351174842
TGTTTGTCCCTCGGCCGCCGTGGAGGGGTGGAACTGGCACTCCCACCCCTGACATGGGCTCACTTCGCATTAGCCCTGTGCTTCACTACCCAACGC,3.2843648229775,1.1891732764606806
ACTCGCTCTTTTCATTCACGAAGGTAGTGAGGCCTAGTGGAAAGCC,3.26991766588508,1.1847648059637592
CCATCTCACGTCCCCCAGGAGGCCGGGGAAACCCTGGGCTGCGGAGGGAGGGGAGGAGGTTTGAACGAGCCCGCTCTGGGGACCGGGCCGCCTACTCCGC,3.25954422209611,1.1815873764314304
CATCATTCAAACTTAAGCACTAACTCTCTAGAGAGACACTGCCATTCATACCACAGAACGAGAAGGCAGTGGCGATCCTCAACGGCTACATGTCACTGCC,3.24796521283367,1.1780287119076145
CTTGCACCAGCCTGCCCTCGGAGGCGTCGCTCCCTCGCTCCGTGGGGGCGCCTGCCGGGGAGCCGGCTTCCGGGCTGCCCCCGAGGAGTGTGGAACT,3.24568135984625,1.1773253003326152
TTCTGATCCATTCTGAGATCTACAAAGGCTGTTACCCTGCAGGTCCATCTCACGTCCCCCAGGAGGCCGGGGAAACCCTGGGCTGCGGAGGGAGGGGAGG,3.24451778956001,1.1769667380537323
CAGCCCGCGGGAGAGGCCCAGCGGGAGTCGCGGAACAGCAGGCCCGAGCCCACCGCGCCGGGCCCCGGACGCCGCGCGGAAA,3.24225313023858,1.1762684986858132
TTGTCCAGTGAAACACCCTCGGCTGGGAAGTCAGTTCGTTCTCTCCTCTCCTCTCTTCTTGTTTGA,3.2416820204189,1.176092337201194
TGTAGCTACGCCGGCCGCCTGGCTTTGAGACAACGTGATTCTCCGCAGCTGGTCGCCTACCCGTGATGTTCTGCCCACGTCGAGACCTGAGCTGAA,3.23715153554957,1.1746937874256398
GGCTTTTCACCATTCTTTAGCTCTCACCTACCAACAATCATCTTCAGTGAGGACTTTGCCACTTGATTCACAGTCTGTATCAGTGCCCTCCAGTCTTCC,3.2360098357733,1.174341038676577
CTGCCACACTTTGCAAGGACACCGTAGAGGGGGCATGTCCGCGCTCCAACTTCCTCCCGACGCAGCCTCTGATTGGCTCCTGGGCTTATAAGAAACGCGT,3.23039163782201,1.1726033799840596
ACTCGTCTTTAATACCCACCAGGCGCCAACCGCCGCGGGCCTGGCTCTATGGTGGCAAGTTGCATGGGTTCTCCCATCAGGACCTCCCGATGAGCCTACG,3.22525987708494,1.1710135290430197
ACTGCAACCGCTGCTTCCCAGGTTCAAGCCATTCTCCTGCCTCAGCCTCCCGAGTAGCTGGGATTACAGGTGCCCACCACCACGCACAGGTAGCATGCCC,3.22072752987795,1.1696072749913884
GACCTTCTTTGCGGCTCGGCCATTTTGTCCCAGTCAGTCCGGAGGCTGCGGCTGCAGAAGTACCGCCTGCGGAGTAACTGCAA,3.21989313870014,1.1693481722665382
TAGTCTATCGCTGCGGTTGCGAGCGCTGTAGGGAGCCTGTGCTGTGCCGCGCAGTTAGGCAGCAGCAGCCGCGGAGCAGTAGCCGCCGTGGGAGGGAGCC,3.21043007389464,1.1664049075739154
GCAGCGAGCGAAGGACGGGAGCCGGACCCTGGGCCCCGTGGAACTCCAGCCTGCGCCACCACGTCACGCACACGCTCGGCGCTGCGATCCGCGCATATAA,3.20357223444894,1.1642665104454828
GTCCGCCGCAGCGCCCTTCTACTCATGGACTTAAGGCGGCCCTGTTGAGAGAAATCTGGAGGATAGCGTTACACTTGGTCCGATGCAAGTTTTTTGTTCC,3.20357223444894,1.1642665104454828
ACCGTCGGGTGTGACCATTGAGAGGGAAAAGGTTGGAGAAAGGGTCTCTACCATGATGCCTGTGGTGCGGTGAGGGAATCCTCGGGTGTGGCAGCAG,3.20349902241988,1.164243656936874
GGGTGGTGAAAACAGTAGGTATTCTGAACCAACCTTGCACTTCTC,3.20282298664977,1.164032604238723
GGTTCTGGGCCAGAGCCTCCCTGGCCGTTGGAGCGGGAGCTGTGGGTGGAACACTTCTGAATTGGGAGATTGCCTCGGACCTCCAGACGCCGAACATCTC,3.20068470657091,1.1633647577206028
GCGGGGCCCGGGTTCCTCGGCACACCCCGCTCCAGCCGCCCCCAGAGCCTGTCCCCAGCCCTTCGGAAGCCCCGGCGCCAGCCCGGGCCCTCGGCAGGGA,3.19921225046372,1.1629046077703595
CAGGATTCCCCCGGCTCGCCTGCCCGCC,3.19849442596204,1.162680207202782
GACACGGTCGCCTCCACATCCAGGTCTTTGTGCTCCTCGCTTGCCTGTTCCTTTTCCACGCATTTTCCAGGATAACTGTGACTCCAG,3.19620779951138,1.1619650444109917
TTTCTTGGACTCCGTACTGTTGGTGTAACCAAGGCCTGGAGGTCTGGGTGGCTCAGGTTTCCTGCAGCC,3.18891129987306,1.1596795732394185
GCGTGACTTGTAGGTGAGAGAACGCCGAGCCGTCGCCGCAGCCTCCGCCGCCGAGAAGCCCTTGTTCCCGCTGCTGGGAAGGAGAGTCTGTGCCGACAAG,3.18633204709995,1.1588704267414864
GGGCCCGGGGAGGCGGAGACCGGCCATATGGAAGGGGGACCCGAGACTTTGGCGGGGGTCACGGGCAGTCTAGGCCCGAGAGGCTGGGGACCAGGAGGAG,3.18486188869862,1.1584089250379634
AAGCACGGGGTCGCCCCAAACCCCTTCTGCTTCTGCCCATCACAAGTGCCACTACCG,3.17276296225639,1.154602805195462
AGTGCTGGCTTTGCGTCCGCTTCCCCATCCACTTACTAGCGCAGGAGAAGGCTATCTCGGTCCCCAGAGAAGCCTGGACCCACACGCGGGCTAGATCCAG,3.1683643422852,1.1532154743738472
GTGTTGGTTCATGAAGTTTTACCATCAATTCAAGTAATCATAA,3.16676608251283,1.152710903923325
AGCAGTGACTTAAGCAACGGAGCGCGGTGAAGCTCATTTTTCTCCTTCCTCGCAGCCGCGCCAGGGAGCTCGCGGCGCGCGGCCCCTGTCCTCCGGCCCG,3.16526371974919,1.152236375900322
TTCTCCCTGTCACAACGAATGTTTGTCTCTCTCTTTCATATGAACTGAAGGCTAAAGTGCTAGTTAAATCAGTGGAAAAAGCAATGGAGAAGAAAAGTTG,3.14047091209113,1.14437276067903
TCCTCCGCGCGTCGCCGCTCTTCGGTTCTGCTCTGTCCGCCGCC,3.12894970303663,1.140697390104571
CTACATCGGTAAACTCTGCAAAACTCCAGCAGTTACAGAGCCTGTGCTAGGAGCTACAGGGTGAAGAGGGGGAAGAAGACTCAAGAAACCTGTAAAACTA,3.12784704093932,1.1403449215319623
AGAAAAAGCGGAGTCGCCACCGGAGAGAAGTCGACTCCCTAGCAGCAGCCGCCGCCAGAGAGGCCCGCCCACCAGTTCGCCCGTCCCCCTGCCCCGTTCA,3.12626549240156,1.1398391587836776
GGCCCTGAAGTAAGGTCTGTGATGTCTAAATGCCGATACCTCAGTTTCCCCATCTTTAGAACGGGGCTCTTGTTTGGAACTGTGCCCGCCACAGCCTGCA,3.116813284655,1.136811096730802
GCTTCAAATAGGTTTCCTGTTTTGTTTTTTTTTTTTTTGCCTTTTCGAAGTTGCGTTATTGTGATATTTGTAAAGGGCTTCCTATTACATCTGCAAGAGG,3.1054749437803,1.1331666646479464
CGGTTCTGACGGACGCTTCGGCCGTAA,3.1047641906704,1.1329377674677843
CGGCCCGCTTCCTACTCTCTGCATCGTTCAGAAGGATTTCCACCTCCACGCTCTGCCCGAAGCCGAAGAAGCTCATCGCACCGCCGGGCCGGGCGGGTCT,3.08556695219199,1.1267354175200648
TTGAGGTTCGAATTTGTAGAGCAATAGGGGCACTAATAACGTTGGGCAAGCAGACCGGTGGGCCCTTTGAAGTCTGAAGAATCAACGCGCAAAAGGGAGG,3.08432448125099,1.1263326645798557
CACTCCACCTGATCTCGGGGCGCTGTGCGCTGAGGAAGGCGCGGGCGAGCCGGAGCAGAAGAAGGAGGGAGGGAGCCAGCCGCTGCAGCCACCACCGCCA,3.0815559670067,1.125434653516043
CGGCTGCAGGCTTCAGCCTGCGCTGGTTGGTGAAACAGAG,3.08014017739748,1.124975108091876
GCAAAAGCCGGCCCTCCCCGGTAGGGACCGTTGCAGTGGCCGTTGGCGGCCGGCGCGGCGATGCCCCGCCTCCGGCGCGAGCCTCGGAGCCCCCGGGCTG,3.07596910353991,1.1236200072301146
AACTCCTCTGGACCTCAACTTCATCTGTAAACAGATAATATTTCTCATAGGGTCAATGATCATGTAAATTAGATAATATCCATAAAAGGAATATAATACA,3.06704407365726,1.1207142553116345
TGAGCAGGAGAAATACCAGCGGATCTTCCCCACTCTGCTCCCTTCCATTCCCACCCTTCCTTCTTTAATAAGCAGGAGCGAAAAAGACAAATTCCAAAGA,3.0668321520586,1.120645156558759
GGGTCCTTGTCCAGTGAAACACCCTCGGCTGGGAAGTCAGTTCGTTCTCTCCTCTCCTCTCTTCTTGTTTGA,3.06056865557064,1.11860073385288
TAATGAAAAGTGGTCAAACAACTTAACATGGTGCCAGTTTTCCTAAGCGTGCTTGCCACTGATTGTAATGCTTTTATTGTTTGGCTTCTTGAT,3.06052471974088,1.1185863783032857
TTCCGGTCGGGGAAGGGGGAAGAAGGTAACTTCCGGTGACGGGGTTGCATCACTTCCTCTCAAGCTTGGCGTTTGTTTGGTGGGGTTACACGCGGGTTCA,3.05501357895888,1.1167840374447378
TGACAGCTGGTGCGCCTGCCCGGGAACATCCTCCTGGACTCAATC,3.05352838250111,1.1162977687094466
TAGCCGCCCCGGGGCGGGGTTCCCCTCGGCTCCCGGCTGCCCTTTCCCCTCCGGCCTCTGCCGGTGCTGCTGCGCCCTGCGGAGCTCCGAACACGTGCGC,3.05252488184498,1.1159690782700675
AGTCTGCAGAGGGATCCTGTGGCTGGAAGCGAGGAGGCTCCACACGGCCGTTGCAGCTACCGCAGCC,3.04553861593169,1.1136777708829342
CACTGGTTTATTTATGGTGAAAAGAATCTCACTGTTGGAGCTGGGCTGCAGATGGAATGAATCAAGTTTAACTTAGGTCCTCAATGCAGTTGGATATTTT,3.04354012574046,1.1130213529426265
TCTAGGCAGAGTCTCCAGAGATTTGGGCCGCTACAAAAAGTGCATTTTGCCCATTCGGCTGTGGATAGAGAAGCAGGAAGAGCACTGGACTTGGAGTCAG,3.03602004149114,1.1105474607932615
GAGGACAGATTTTGCAAAGCGGAGGCTGCGACGGGTCCTGCAGGGGGACAGTGAGGAAAGGGCCGCCTCGTCTCCGCTCCTGGGGGACCGC,3.03440037692132,1.11001383560864
GTCTCCTTCTACATCCGCCTCTGCGCCGGCTGCCACCCGCGCTCCCTCCGCCGCCGCCGCCTTGCTGCTGCTCAAAGCTGCTGCCGCCCCTTGGGCTAAA,3.03423596610087,1.109959651831199
CCTGTTCCCCTTGCTGTGGGGGTAAGGAATCAAGCCCCCAAG,3.02872393114486,1.108141385978205
GGCCCGCACCTACGAAGATAGCGGGCTCGGGACCTTCGGTGGACCGGCAGGGTTCCAGAGGCCCGCGCGCCGCCGCCCCGCCCTCATTGCTGAGCCTGCC,3.02219699101312,1.1059840473690477
CAATATAAACTGTGGCGGGATAGTTTTCGGGTCCTTGTCCAGTGAAACACCCTCGGCTGGGAAGTCAGTTCGTTCTCTCCTCTCCTCTCTTCTTGTTTGA,3.01988833707047,1.1052198562232287
GAACTCAAAGGAACCCAGTGCCGGGCCACAGCCGGGTCACGTGGCCGGCGGCCCCCC,3.01174956099123,1.1025211593994722
AAGGAACCCAGTGCCGGGCCACAGCCGGGTCACGTGGCCGGCGGCCCCCC,3.01174956099123,1.1025211593994722
GGATCAAGTCTTCCATACCAGGGACCAGGCCAAAACCAGACTGCCACTGCCCCTACTTGGGCCCCACTGTCCCCAGAAAGCAGCTGCTGTGA,3.00797196081489,1.1012660845065445
CGGCGGGAGCGTGGGCCGCCAGACTCGGGAGAGGCTCCGTCTTGTGCAAGGGTCCTGTGGGCTGGCTGCACTGGCCTCTGCGGTGGTGCCTGCCA,3.00779309535863,1.101206618934122
GAACGAAAGGAGTGAGGCGCCGAGAGCCCAGATACCATTTTGGCGTGAGAGCTGGTGGTTGGCAAGGCCGCGGGAGTGGGAAGCGTCCGCC,3.0069834398744,1.1009373967994749
CTCTGCTGAAGGGCTGAGAGGCGCACCCGGGCGGCCAGCTGGGCTCGGAGCGGAACGGGGTCAGG,3.00057769244968,1.098804834279907
GACAAGTACATCCCTGCTGTGCTTGGGAAAGGGCTGCGGCTTGGGAAAGGGCTGTGTGGGTTCCCTGGCTTCTTCCTGCTGTCCCCGAGGAGCATCGGAA,2.99524380892149,1.097025633570203
AAGCCCGAGCTGCCGCCGCAGCCACAGCCGAGGGCA,2.9937929889136,1.096541141627594
AGAACCTGACGACCCGGCGACGGCGACGTCTCTTTTGACTAAAAGACAGTGTCCAGTGCTCCAGCCTAGGAGTCTACGGGGACCGCCTCCCGCGCCGCCA,2.98904537840523,1.0949540649882412
GACAGTGTCCAGTGCTCCAGCCTAGGAGTCTACGGGGACCGCCTCCCGCGCCGCCA,2.98904537840523,1.0949540649882412
ACTGTCGCCTCTCATCCCCCATGTTGGCAGTATTTCCAGCTCCCAACCCTTTGAGCACCAGGAACACTGCAGAGGGAGTAAAATCACTTAACCATACAAG,2.98897788769436,1.0949314853802776
TCACTATCTGCCTGCCTTGGCCTCCCAAAGTGCTGGGATTACAGGCGTGAGCCACTGCGCCTGGTCTATTATCTGTCTTTTACTATAACCATCCTAACAG,2.98894344893953,1.0949199633970024
ATAGCTGTCCAAGGTCTCCCCCAGCACTGAGGAGCTCGCCTGCTGCCCTCTTGCGCGCGGGAAGCAGCACCAAGTTCACGGCCAACGCCTTGGCACTAGG,2.98498748328372,1.0935955536309898
AAGTAACACAGCTAGTGACTAGAACCACGTGCCCTGGCTACCACTTCCGAGTGACATCAGCTGCCGATCCATAAGAAATACCTTCAAACCAATGCAGGG,2.98409875000589,1.0932977749594603
CGAGGATCCGGTGTTCCAACCCAGGGGGAAAA,2.95746469728168,1.0843323801234832
TAGGGGAAGCGCTCCGGGCCTGGAATCCCTACGCGTCCCTTTGGGTTTAGCACG,2.95698430637783,1.0841699335778765
GATCCGGGGCTGAGGGAAGGAGGCGGCGGCC,2.95523560127623,1.0835783773841254
AGCCGGAATCTCTGAAAGACTGACCGACTGACTCTGACAGGATCCGGGGCTGAGGGAAGGAGGCGGCGGCC,2.95523560127623,1.0835783773841254
TCGGGAGAGGAGTGGACGCCGCTGGCCAGG,2.94843813044684,1.0812755828388572
GGCTGATGCGAACTGGGGCCACGGCAGCCATCGCGCTTTGCAGTTCGGTCTCCTGGTGTACGGCCAACGCCAAGTAGGGGATTGCGTTCCCTCCAGTCGC,2.94235068296419,1.079208813907781
CCAGGCTGGAGTGAAGTGGCACGATCTCGGCTTACTGCAAGCTCCGCCTCCCGGGTTCACGCCATTCTCCTGCCTCAGCCTCCCGAGTAGCTGGGACTAC,2.94235068296419,1.079208813907781
AGGGGCTGGTGTTCGGGGCTGCCCCGAGCCCAGCTCTGGGAGCTTATTTTGTCATCACAGTGGCA,2.94200157359582,1.0790901570519171
GCCGTTCTTTGCCAAGTTCCCTCCGAAGTCCTCTGAGCTCCTGCATTGTAGCGGGAAGCGGCAGTG,2.94094098370248,1.0787295926253566
CCCAACCGCCTGCGCCGCCTTCCGGCCCGAGTTCTGGAGACTCAAC,2.93669271731803,1.0772840220640256
ATTCAGTTCTTATTTGGTACTATTATTGACAAAGGAAAATGATAAAGGAAATATTTTTCTCTTCCCCCATCTTTTAGCTTTCTCCCTTTGTCTCATAACC,2.93501247667849,1.076711704268806
TCTGTTAGAAACCTAACTGCCGCCAGGATCACGTACTTTCTCGGACGAATCCGCGGTGATGTGTGTAGCAAAAGTGAAAAAAGACGCCTCTGCTAGAAAA,2.93330016712698,1.0761281260908733
TTGAACCGGGCGGAGGCGGGGCTGGCGCCCGGTTGGGAGGGGGTTGGGGCCTGGCTTCCTGCCGCGCGCCGCGGGGACGCCTCCGACCAGTGTTTGCCTT,2.91927180846109,1.0713342045156515
CCCCCCCCAATCTGTCTTTCTAGCATGTTGCCCTTTTTCAACCACATTTGTGTTTCAGGTGTAGAGAGGAGAGAGAGTGAACAGGGAGCGGGGCTTTTGT,2.9165960806643,1.0704172104934693
GGCGCGGCGAGCGGGGCGCCCGGGGCGCGGGTGCGGGGTGTCGGGGCGCGCGCGCCTGTTGGCCGCTCGCCGACGGGGCCCAGAGCCGCCGATTCCTGCC,2.9165960806643,1.0704172104934693
TCATTGTTCACTAGCACCCTAGCGGGAGAGAGAGGGAAAGGGAGAGAGAGAGACTCTTAGAGAAAGAGAGAGACACACACACTCTTGGAGAGAGAGCGCG,2.9165960806643,1.0704172104934693
TGTGGTGAGGCGATGTGTCTACTGTATTTAAACATATTTTGCAGGTTGGTCTCCCTGGACTGAAGAGAGGGAGAATAGAAGCCCAAGACTAAGATTCTCA,2.9165960806643,1.0704172104934693
AGAGAAAGAGAGAGACACACACACTCTTGGAGAGAGAGCGCGAGGCAGGGAGATGATCTCCTCCTCCTTTTTCCAAGGCTGCACTTCTTGGAAGTGAAGC,2.9165960806643,1.0704172104934693
ATTTTCTGCTTCGCTCAGGACAGGCACATAAAAGGAAGGCGGCTGCCGCCCGTCGCCGTCCTCTTTTCCTCAGATGCCCTCTGCTGCAGGTTTATTATTA,2.9165960806643,1.0704172104934693
GGTTGGTCTCCCTGGACTGAAGAGAGGGAGAATAGAAGCCCAAGACTAAGATTCTCA,2.9165960806643,1.0704172104934693
CGCCGCAGGCACCATTTTCTGCTTCGCTCAGGACAGGCACATAAAAGGAAGGCGGCTGCCGCCCGTCGCCGTCCTCTTTTCCTCAGATGCCCTCTGCTGC,2.9165960806643,1.0704172104934693
GCGCTCGTGCCGCCCCCGCCGTGCTCCTCGGCAGCCGTTGCTCGGCCGGTTTTGGTAGGCCCGGGCCGCCGCCAGGCCTCCGCCTGAGCCCGCACCCGCC,2.91448816091467,1.0696942163626624
CGGGGGCAGCGCTTTGTCCATCCCCCGCCCCATCCCCAGGAGGCTCCTTCGCGGATCCCCGACACTCTCCTCCCGGGTTCGGCCCGCGCCTGCTCCACCC,2.91213489222928,1.068886452142502
GGGTCGGGCAGAGTCGGAAGAACTGGCTTTCTAGCTGGAAGATGCGGAAGGGGAGCGACTAGGCCGCTTGCGTCTGGGCCTGGCAGAAGGGACCGGGTGG,2.91125562505392,1.0685844743927937
CTCCTACGAGAGCGCCTCATTTTAGAACTCGTTTCTTCCACTACTTCCCTCTTTGCAGCCCCCTCGGAAAACCACACTGAGAGTTGCATTAAAAACCAGC,2.91088151964479,1.0684559630230517
TGTGACGCGCTTGGGAAAGGCAGGAGCGCCAGCGGTCGGGCTGCTCTTGGCTAACGAGAGGAGTCCGAGGCGGCGGCGAGGGGCGAACGACCCGACGCA,2.90788469925506,1.0674259093855751
CTGCTTCTGCCCAGACACGGTCGCCTCCACATCCAGGTCTTTGTGCTCCTCGCTTGCCTGTTCCTTTTCCACGCATTTTCCAGGATAACTGTGACTCCAG,2.90169438529345,1.0652948371635502
GTGCGCTCCAGAGCCGCAGTTCTCCCGTGAGAGGGCCTTCGCGGTGGAACAAACACTCGCTTAGCAGCGGAAGACTCCGAGTTCTCGGTACTCTTCAGGG,2.89535187772718,1.0631066503493531
CGGTGGAGAGCTTGGGATGGGGGAGGGAGGGGCTGCCGACTCCCTGTTCCTCCAGCAAGGAAACTCGAAAGCTCTCCGGTTTTGCAGAGTGGCATGTG,2.89336216446968,1.0624192046329628
TTTGCGTCCGCGCCATCAGGCCCGAGATAGCGGCGAGGTCCGCTTTCAGTGT,2.89000131695664,1.061256957818576
GTACATCCGGCGAGTAGCTGGCGGTCCCGGGTGCTGCTGGTTAGTGTGCTCTGAGGGAGGGTCCGAGCCAGCCGCTGTTTTGCCGGAGGAGCCCCTCAGG,2.88961274405751,1.0611224945497095
GAGCCGCAGTTCTCCCGTGAGAGGGCCTTCGCGGTGGAACAAACACTCGCTTAGCAGCGGAAGACTCCGAGTTCTCGGTACTCTTCAGGG,2.88579660927548,1.0598009829116817
TTGCGGGGTTGAGTGGCCCGAGCTAAGGGTGCGGAGACCTAAGGGCGGCGACTACGACGGCGTTGATATCGGTGGTAACGACGGCCTCAGCAGGCGGGGA,2.88396605299016,1.0591664485455758
GTCGTTACAGTCTGATATATGGGATGAGAACACAGTGGATCTGTGTTTGGGTACCTCCACCTCTTTTTGAGTGCATGATTGTACCTGCATTAGTTATCAG,2.88150486987267,1.058312681940933
GCTGCGGCCCGGGGCGGTAGATTGAGGGCGGCCGGGGAGTGAGGAGTCGCGGGGAGAGAGTCGCGGCGTCCCCGGGACAATGCGGCGGCGGCCTGCCTAG,2.87906404247934,1.057465256078475
TCCTGAGAGGGAAACGCCCGCAAAGGCTGGTTTTTAAGCGGGAGCATCTCTTCACTCGCAGCAAGTGCGCGTGCGCTGCCTCTCAGCCCAAATTGGAAAC,2.87676918850983,1.0566678549033497
TACCAGTAAAACTAAAAGTGCCTACTTTTAGTTTTCACTGTATTTTCTTCAACTCAGGCCCTCCCTCTGTTGTTACCTGCCATCTGACACGGAATTTTGT,2.8746601201898,1.055934448196472
AGCTGACCATTTGGGAATAAAAGATTGAGTAAGATGTAACAAAACAGGAATTCTGGGCTGTGTGTCTCAATTTATTGGAAGAAATTGTT,2.87439715835521,1.055842968212178
GACGTAGCCCGGAAGGGGAATACTTCCAAGTTGTAGTGTTGTTGTTTTCAGCCTGCTGCTGCTGCTGCTGTTGCGGCTAGGGGAACCGTCGTGGGGAAGG,2.87354594211227,1.0555467870446595
GTTGGTTCATGAAGTTTTACCATCAATTCAAGTAATCATAA,2.87215674894935,1.0550632280216177
CGCGGGGGAGCGTAGTCTCGGAGGCGGCGCCGCAGGGGATTGAGGGGTTGACTGAGCGTTGCGAGCCTTAGCTTTCTCCCGAACGCCAGCGCTGAGGACA,2.87085600073697,1.054610243397931
AGAGGCAACAAGTTCGAAGAGCTGCGAGACGTTCCCACTCTCTCTGGTGTAGCCTTGGCTCACCGAGGCGCGCAGGGAGTGGAAGTGCCTGAGGATAAAG,2.86923996940903,1.0540471756795369
CAGGGTGCGAATTCGTTAGGCAAAAGCTGGGTACAGGCGCGAGCCACAGGCACGGAAACCTCGCGCCGACCGGGGCCCTAGGCCCGACGACGGC,2.8670698157886,1.0532905381180286
CATTTCGTCTTAGCCACGCAGAAGTCGCGTGTCT,2.8670698157886,1.0532905381180286
GAGGGAGGCGCGAGGGAGGCGAGCCGGAGCCCGAGCACTAGCAGCAGCCGGAGTCGGCGTAAAGCACCCGGGCGCAGCCGGAGCCGGTGCCGCAGCTGCG,2.86556871609872,1.0527668352137416
GAAATCTGTAAGCTGTGATAACCACTCATAGAAGCTTCTATAATTTGCCATGGCAGAGATATAAGTCTGACTATTAACTACAGAAGGAAATAATCTTCAT,2.86519157738648,1.0526352161288488
GTCCCTCTGCCTTCACTCCCATGGCCACCTGTGCTCCAGGGCCTGCCTGACCCCTGTCCAGCGGCCCTGAAGTAAG,2.86443885273342,1.052372468062784
CTCCCGCAGCAGCAGCCTCCCGCGTCGCTGTCGCTGTTGCCTCCGCCACCTCCTCCGCCGCCGCGCGCCCCTCGGAGTTCCGCGCCCCACC,2.85816432360702,1.050179573868496
GAGAAGACAGTGGATTGGAAGTGGGATTAACTCAGAATCAAAATTTTGTCGATGGGTTGGAGGAAGAGGAAGTTATTTGGGACCAAAAAGACATACAGGT,2.85169597118714,1.0479138949016122
CAGCGGATGCGGGAAGCCGGACTCTGGGCG,2.84899370745099,1.046965846826421
CCGCCCGCGCCCGTCCGCAGCCGCCCGCCAGACGCGCCCAGT,2.84874817424026,1.046879660679003
AGCGCGCCCCGGGCTCGGCCGACCCGGCGGGGATCTAGGGGTGGGCGACTTCGCGGGACCGTGGCGCATG,2.84814874075176,1.0466692185735351
AGAACAGTCCTGGGTTCTGAGCCTGCCATCCAAGGAACTCAGGAGGAGGAGTTGACAGTCTCTTCGTTCCTAACCAGTGTGGGACGACTTCA,2.84774682538834,1.046528094018346
CGCGGAGACGCGGAGCTCGCCCACCGCCCGCCCCAGCAGTGGCTGCA,2.84721998360419,1.0463430738757105
ATGTTTTATTTGTTATAAAGCCAGGATATCTGATATCAAATTAAATTGTTTTTTTTTTCCCTTTAGATTTTCTTCAATCACATCTGAATAAATCACTTGA,2.84416413231922,1.0452692220616755
GGGAAGCCGGTACCCGGGTCCTGGCCCCAGCGCTGACGTTTTCTCTCCCCTTTCTTCTCTCTTCGCGGTTGCGGCGTCGCAGACGCTAGTGTGAGCCCCC,2.84088257174563,1.0441147685949328
GATCAGAGACCACCTATAGAATACAGTCTTCTTCAACCCCACAAGTGTTTTGCCACCCTCAGTAGAACCGTTCTCAACACGCCTGTCAGTCACTAGCTAT,2.83974717705054,1.0437150260451036
GCGCTGCACTGTCTCTCCGACGCAAGACTGTCCCGGCCC,2.83810423677517,1.0431363070186694
TAACAAAACGCCAAACAAGATTTTAACAGTCGGCAGCGAAAGCGCGCACTCGAGCGCCAATGAGAGCGGAAGGAGGGGCACCGCGCCTGAGGAACACTCC,2.83397353036569,1.0416798011986494
ACTTGGCGAGTGAGACGCTGATGGGAGG,2.83241672236819,1.0411303127351887
CACGGCTTTTTATTCCTTCGGCTGGTCGGCCTCTCGCCCTTCAGCTACCTGTGCGTCCCTCCGTCCCGTCCCGTCCCGGGGTCACCCCGGAGCCTGTCCG,2.82328639941342,1.0379015962732951
CGGCTGACCGGGTCCGACACAGTCTCCTGGACCAGGCTCCCTCCATCCTCACCCCTCCCCCAGCTTCCCGCCGCCACTCACCGAACCGGAACCGGCTGCC,2.82093223137045,1.0370674088211485
AAACAACTACGGCTGCGGTGTGGTTGGTGGTGAG,2.8196173283072,1.0366011765602112
CCCCTATCCGCACCCCGGCCCCTGAGAGCTGGCACTGCGACTCGAGACAGCGGCCCGGCAGGACAGCTCCAGGTGAGAGTGCCGGCGCCGCGGCGCTGCC,2.81365858503699,1.0344856240524818
CCGACAAGGCAGACCAGGCCCCCTGCAGGTCCCCTATCCGCACCCCGGCCCCTGAGAGCTGGCACTGCGACTCGAGACAGCGGCCCGGCAGGACAGCTCC,2.81365858503699,1.0344856240524818
GACAGTCGGACACCGGACAGTCAAACACCGGAGAGTTAGACCGGGCTTCTCGGTGGGGAGAGGCTCTGGGATAACTACTGTTACAGCTTTGAAGGGTCAA,2.81252433544579,1.0340824200960526
AGGGGCACGTTCGCCTGCTGACCGGTCTTCTGATCTCCCCATTCTTTTCCATGCAGGAGGATTGGCCACCAAAGCCTGTTTATTAGCAGCTGCCATTTGT,2.81252433544579,1.0340824200960526
GGGATTGAGGGGTTGACTGAGCGTTGCGAGCCTTAGCTTTCTCCCGAACGCCAGCGCTGAGGACA,2.80965518694482,1.0330617665439497
TTTCAGGCCCCGGACAGGAGGCAGTGCCGCTTCGGCCGAAGGCCCGAGCGCCCGAGGCGTCTGGG,2.80959506986195,1.033040369709808
TCGGTGAAGCCCAGATTCTCTTTGTTCCGCAGCCATTTCAGGCCCCGGACAGGAGGCAGTGCCGCTTCGGCCGAAGGCCCGAGCGCCCGAGGCGTCTGGG,2.80959506986195,1.033040369709808
GGTGAAATCCTATTTCAGACCTAATCTGGGAGCCTGCAAGTGACAACAGCCTTTGCGGTCCTTAGACAGCTTGGCCTGGAGGAGAACACATGAAAGAAAG,2.80626354299195,1.0318538985072767
GTCCGCGTTAAACCATCACAAGCCATGGTTGCGGAAGGGCCACGCGTCCCCCAGTAGGAGAATGACTCCGATTCGTGACCCTCAGCGCCGGTGCATGTCG,2.80605000814838,1.0317778033847476
CCATCTTCAGAACAGTCCTGGGTTCTGAGCCTGCCATCCAAGGAACTCAGGAGGAGGAGTTGACAGTCTCTTCGTTCCTAACCAGTGTGGGACGACTTCA,2.80360325846856,1.0309054678878145
CGAAGGGCTTATTAGACCCTGACTCTTTTCTGAGGCGCGCAGATTTTGTCTTTGATCACTCCCTCTCCGCGGGTCTACGGCCGCGCGCTTTCGGCGCCGG,2.80079798942148,1.0299043727994066
GTGCTCCGATCCTTACAATTCCCACACCCAGGCCATCTCACCACAGATGGCTTGTTTTTTCTCCTCCTGCGCCTGGGGGCCGAGGGTTGGGAGCATTTTT,2.79302374399774,1.027124788179228
TCATCATCAGATTTGAAATATTTAAAGTGGATACAAAACTATTTCAGCA,2.78954069379897,1.0258769564024417
TGTGCGCCGCGGCGCTGGCTGCGAAGGCAGTGGCCGAGGCGGGCTCCCTCTGGGCCGTGCCCGGCCTGGCTAACAAAGCCGCCGCGGCCTCTGTTGTGTG,2.78949500710208,1.0258605784119283
CCACCGCTGCGGCCGCCGCCTCCGCCGCTGCTTTCGCTGGAGGGCGGGCGG,2.78867637358464,1.0255670651913946
TAAAAGGAAGTTATCTGGACTCAAGAGGGTCACAGCACCCTCCTGAAAACTGCAGCTTCCTTCTCACCTTGAAGAATAATCCTAGAAAACTCACA,2.78548150611645,1.0244207511159815
CAGCTATCAGCAAGCACAAAGCAATTCCTCATGGAATGAATGGATCTTTACAAAACCCAAAAGTACAGTATTAAAATCAAGATTTCATGGGCAGAGGTAA,2.78099015800824,1.0228070362337855
CGCCGACCAAAACCCGTCAAAGGATTATCAGACACGCGGGTCGGACGGTCCACATCAGCCGGCAGCCCGGGCGGGTCCCGGGGTGCGAGCAGCGCACTTC,2.78043337820436,1.022606806993155
TGGGGCTGGCGCTGAAGCCGGATCCGGATCCGGTGCTGTGCACACTGGTGGGGGAGAGTCCGACGCGCCTGGCTAGGAGCGCCGACCGCAGGGCCTCTAC,2.77993337573917,1.0224269618539177
AGGCAGCCTGGCTCCAGACCCTGTGCTCTTAACTCCCGTTTTGCATCAAGAACAGAATCCTATGAAAGGCTTGCACAGTGCTTGGTACTGAGTAGGCACT,2.77707727138571,1.0213990334275336
TGGTCCCGCGCGCTCCCTCGTGTCGCCCCTCGGAGCAGCAGCCGCCGCGGTCGCCGCTACCCGGAAAGAAGTCAGAGACGCCGCGAGGTCGCCGCCACCG,2.77273802607324,1.0198352890633977
CCCCGCCCCGCCCCGCGCCGCGCCGGCCGCTGTCAGCTCCCTCAGCGTCCGGCCGAGGCGCGGTGT,2.77256046856645,1.0197712501277036
AGTAAAATGCTTAATAAAACCCCGGTTTAGACTGTCTTCAAACCGACCGCCACCCCAGAGCCTGCAGCTGACTCTGACCCCGC,2.77216215229132,1.0196275761143934
GGGGGGGGCCCGGAAAATGGATCCCAGGCCCAGGCGGGGCCCTAGCGGGGCCTGAGCCGGGGAACGACTGCGTCTCCGAAGAAAGGTGCCAAAGAAGGCT,2.77076961108276,1.0191251195454498
GACGTCAGAACGGCGGCCAGGACGCCGGACGTGCGGCAGTTGCAGGCGAGCAGGCGAGGAATCGCCGTGGCGTCTTGGTGTTCTCCACGCTGGTTCGCAG,2.7704658494544,1.019015482757471
CCCCTACTCGGCCTTCCCGTCTCCGCTTCCCCGCCCCGCACTAGGACCCCTGCAGATGATCAGGCGGCAGCCGGGGTGATTTCCTTCCTCTTTTGGCAAC,2.76451042888241,1.0168635592186177
ATTCTCACTTTTGGACCATCTACTACAGGGCTGTTTGGACATACCTCCTTTAATTGTCACAGTAACCCCATGACGTAATTGGTTGTGCCTGGTCATACAG,2.76427716922479,1.0167791791791896
TGATGCTGAAGGGGATAAGGATAGAGACTCGGGCCGGACAGGCTATTCTCTTTCTGGGTATGATTTTGAACCTGCCTGTTTTTGTTCTGTAGGTGAAGAG,2.76427716922479,1.0167791791791896
CACTCCTTCCTTTCCGCTCCTCATCATCTGGAAAGACCCGCCCAGCGGTGCTGTCGCTCGCGCTGGAAGAAGCGGAAGA,2.76216800630141,1.0160158809074091
TATCGTCTTAAGGAGGTATTTGGTGGAGGCTCTTTGAAGTTGGGTTCAGGAGTGTAGAATTGGCAAAGTTATTGCCAGCTTCC,2.76159414428683,1.015808101498738
CGCTCCACCCCCCGGCTCCCGGGACTGTGGACTCCACGACCCTGTCCTCGGCCCTGTCCGCGCCGAAGCAGCCCGGGACTGCGCAGCGCCCCGCGTGCCG,2.75541096544808,1.0135666022415797
TGAGAAGGTCGCTTGAGATTTAATTACATTGGTTTTGCAGATAGGAATAGAATGTAGCTGACGTTTGAGCACGTAGTTAGTGAAAACTTCACACTTCAAA,2.75292749313317,1.012664888411953
ATCTGTTAGCTTTGCTCATTTCTTCTTTGTCCCCCCTCACATCTGACTTTTACTAACCCCAGTATTATTAATGGGTGTCATCTCATCTTTTCATCTCTCC,2.75102653527012,1.0119741275775322
AATCGGTTGTGGCGGCCGCCGGCGAGGAATGGCGGTATTTGTGAGAGGAGTCGGCGTTTGAAGAGGTGGAACTCCTAGGGCTTTTTTGAGAGTG,2.74746400924498,1.0106783077539645
CACCCTCTCTTGGGACCTGTCATAAGTCGGACCCCGGGCGCCCGGCTGCGCAGTCCCAGCCGCCTTCCCCAGGCAGTGGAACCTTCGGGCTC,2.7472760195659,1.0106098824315042
CTCCTTCTTCCCCATTACCCGGAGGCCGAAGCCCCCAGCCAGGGCGGGGCGGCGCAGCCCGAGCTCCCGGACCCGGAAGAAGCGCCATCTCCCGCCTCCA,2.74169094742889,1.0085748641491763
CCCTGCCAGGCTCACTCTGCCCCACAGCCACAGCCCCTGACTGCCGCAGCCCCCACAGAGCCCGCCGCGCACCCCACGTCCCCCACGCCAGCGCCCAGCC,2.73882895833943,1.0075304415765634
CTCTGCCCCACAGCCACAGCCCCTGACTGCCGCAGCCCCCACAGAGCCCGCCGCGCACCCCACGTCCCCCACGCCAGCGCCCAGCC,2.73882895833943,1.0075304415765634
GCACCGCTGCCGCCGCCTGAGTAGTGGGCTTAGGAAGGAAGAGGTCATCTCGCTCGGAGCTTCGCTCGGAAGGGTCTTTGTTCCCTGCAGCCCTCCCACG,2.73841204888478,1.00737820819669
GGCGCGAGGGAGGCGAGCCGGAGCCCGAGCACTAGCAGCAGCCGGAGTCGGCGTAAAGCACCCGGGCGCAGCCGGAGCCGGTGCCGCAGCTGCG,2.73662755547879,1.006726343151638
TCCCGGGCGCTAGCCCACCTCCCACCCGCCTCTTGGCTCCTCTCCTCTAGGCCGTCGCTTTCGGGTTCTCTCATCGCTTCGTCGTTCGCCA,2.73568009525905,1.006380068676708
ATGTTCAGTGTGTGGCGGGCGGGCCTGGCGCAGTTGCCGGCACACAGGGAGAGGCCTCAGCTTCACCTGCCTTTTTCTCTCACAGGTTTATTCAGTCACC,2.735653344552,1.0063702901803526
CCGCGCAGGCGCTGTGAGAGGCGGTAGCGGCGGCGGCGGCGGTGGTATCGGCGGCAGCTGTGAGGGGGTTCCGGGA,2.73418599421541,1.0058337660592915
GTGAGAGGCGGTAGCGGCGGCGGCGGCGGTGGTATCGGCGGCAGCTGTGAGGGGGTTCCGGGA,2.73157104969149,1.004876919751479
GAGGGCGCGCGTTGAGGCGGCTGCGGCAGTTGCGCGCTGGGATTGTTGCGGTGCGCTGGAGC,2.72968621412372,1.0041866627093528
GAAGAAGAGAAAACGGCCGGGCGGCGGTGGCTGTAGGTTGTGCGGCTGCAGCGGCTCTTCCCTGGGCGGACG,2.72699734130615,1.0032011289110694
CGAAGGAGGGGCCGGGAAGACGCAAGAGGAAGAAGAGAAAACGGCCGGGCGGCGGTGGCTGTAGGTTGTGCGGCTGCAGCGGCTCTTCCCTGGGCGGACG,2.72699734130615,1.0032011289110694
GGGGGTCCCCCGGGCTCTGCCAATCAGCGAGCGCCCTGTTGGCCATCCGCAGCCATCCGCGCCCCTCCCTCTCCCGCCCTCCTCCGCGTTCCAGAATCCA,2.72433566141462,1.0022246044163388
AGTTCAGGGCGGGACCAGAGATTGGCCATTCCGCTACTGCGCAAAG,2.71994200686906,1.000610559076588
GGAAGTGACGAGAGCCGGGTGGACCCAGGGTGGGGAACTACCTCTTCCTCTCCACGCGGTTGAGAAGACCGGTCGGCCTGGGCAACCTGCGCTGAAG,2.7195027169692,1.000449038949767
TCTATTCTTTCTCCCACCATCTCGCCCTCTCACCCTGTAACCCTCTTACCCACTTCCTCCGACTTTAAATAAAAGGCTGATCTGACCTTCTTTTTGCAGA,2.71494739877836,0.998772578899268
GTAGCGGCGGCCGTTGCGATTGATTGCGCTGGTTGCCTGCGGCGTCCACTTCCTTGGCCGCCCTTGCTACACTGGCTGATTGTTGTGCAGCCGGCGCC,2.70948924353957,0.9967601461101064
GTCCTTACATCGGATGTCCTACTGAAGAAAGGGAAACTGGGACGAAGCTGTAGGCACAGTGGGTTCTGAAGATCAGATATAACTGAGGGAAAGTTAGGTC,2.70924725160647,0.9966708293723474
CGGTCCCTGGGCTGGTGGAGAGCGGGAGGGCCCGGGCGTCCACAATCCCGAGCTGACCTCGCCCTTGGTCGTCCAGGGTTGGAGCCCAGGTGAGATGGAG,2.70258740982766,0.9942096140702074
GCGCGCGCCCTAGGCGGCGGATCTAAGCTAACTTCTTGGATCTTTTCTTGTTTCTCCTTGGTTTTTGACTTTTTCTGGACCCTGGTGTCTACGATTTCCG,2.70145449207591,0.9937903287319688
TTAAAAACGACAACCAACATCAGCC,2.70078187189212,0.9935413132717228
CCGGAAGGGCGGAGTTGCCGGCGGCCACTTCCGCTTCCGCTGGGGAGGTCCTCCATGCGCAG,2.69994946070691,0.9932330545783948
CATTCCGTACTTCACCAGGGCCTGGAAGGAGAGGAGCGAGTCGACTTGATC,2.69480227904651,0.9913248358241044
CGACCGCCCCCGCCCCCTCTCCCGCTGCGTCCGCACTCCTGTTCCTGGTCCTGACGCCCCCCTCCCGCCCGGAAAGCTGCCCAGCCACCAGCAACCCCCC,2.69254222760284,0.9904858133433768
CATCCTTCTTTAAAAGAGAAATCCACGTTAGCTCTCCTTGAGGTCTCGAGTTCCCTCGGCTGGAGGCACAGGTTCAGTGGAGACCAAATA,2.68877904803682,0.9890872050883794
GCAGCAGCAGCAGCGGCATCGGAGGTACCCCCGCCGTCGCAGCCCCCGCGCTGGTGCAGCCACCCTCGCTCCCTCTGCTCTTCCTCCCTTCGCTCGCACC,2.68684778242344,0.9883686783909804
TTCCTCCGGCCGCGCTCGGATTGAGGGCCGGGCGGAGGTGCCGCCCTTGAGAGCAGCCGGTTGTCGATGCCGCTCCCCTCAGGGACGGCTCCGGGCGGGA,2.68015649479378,0.9858751863976952
TCTCCGACGCAAGACTGTCCCGGCCC,2.68005947171196,0.9858389852138486
CCCAGGCTGCAGTGCAGTGGTGCCATCACGCGTCACTGCAACCTCTGCCTCCCGGATTCAAGCAATTCTCCACCTCAGCCTCCCAAGTAGCTGGAATTAC,2.68005947171196,0.9858389852138486
TCTTTGCAGCCCCCTCGGAAAACCACACTGAGAGTTGCATTAAAAACCAGC,2.68005947171196,0.9858389852138486
ATTAGTACTTTAAAAATATGCAACTAGAAATTTATCCTCCCTAAAAGTAATATTTTAACCTCCTCTTCATTCCAAACTCTAAGTTGCTTACTTATTTTTA,2.67459152624981,0.9837966682207058
GCGGCCTGGCCTCGCACTCAAAGCCGCCGCAGCGCGCCCCGGGCTCGGCCGACCCGGCGGGGATCTAGGGGTGGGCGACTTCGCGGGACCGTGGCGCATG,2.66987653008198,0.9820322279279096
AAGGACCCTGGCCACGAATCATTTGCCATCTCCTCTACCAAAGACTCA,2.66584268709792,0.9805202129254776
TCCCGGCGCCCAAGCGGCGGCGCCACCCGCCCAGCCCCCTTCGCCCCGGGCCCGCCCTCGGCCCGGACCCATGCAGCTTGGGCCCGCATCATCGCTTGTT,2.66469322764401,0.980088939413729
GCCCTCGGCCCGGACCCATGCAGCTTGGGCCCGCATCATCGCTTGTTCGGTAACAAATGATTCTGATCCATTCTGAGATCTACAAAGGCTGTTACCCTGC,2.66295267090371,0.9794355338250804
TGCTTCCCGCAACTGCCCTGATCACCCCCCGTCCCAGCCCTTGAGTGAACGTCCTTCTGAGCGGCTTCCTGGGGTCCTCCCCACGTCCCAAAGGCCGGCA,2.65957714853695,0.9781671434416278
GGCTTCTGGGTCAAAGGACCAGTCTGCAGAGGGATCCTGTGGCTGGAAGCGAGGAGGCTCCACACGGCCGTTGCAGCTACCGCAGCC,2.65886700830996,0.9779000953312154
CAGTTGGGAGGAGGGGGCGGGAAGCAGTTTGAGGG,2.65582313629114,0.9767546391451284
TTCTCGCTGAAGTCTGTTAATTCTACTTTTTGAGTACTT,2.65479769657747,0.9763684546447896
GCCGCGGAGCAGCGCAGGGAGCCAGGCGGGCTGCCGGCGG,2.65288347453827,0.9756471520418336
AGGCTGCGAGCCGCCGCGAGTTCTCACGGTCCCGCCGGCGCCACCACCGCGGTCACTCACCGCCGCCGCCGCCACCACTGCCACCACGGTCGCCTGCCAC,2.6516481464199,0.9751813887175764
ACAATCTCAGCTCACTGCAACCGCTGCTTCCCAGGTTCAAGCCATTCTCCTGCCTCAGCCTCCCGAGTAGCTGGGATTACAGGTGCCCACCACCACGCAC,2.6516481464199,0.9751813887175764
ACTGAGAGGCTGAGACGTGTCCAGCAAGCCAAAGGGAAAAGGGATTCCCTCAAAGGTTTGCTCATTGATGGGCGAACGTCGTCTCTCGGGTAACTTGAGG,2.6514394297973,0.9751026735842854
CGCCGCCTTCCGGCCCGAGTTCTGGAGACTCAAC,2.64974489879148,0.9744633707574076
GGCACCGGCATCGGCTGACACTGCTGCCTCCAGCTAGTTATTTCGTCCTCTTCCGTTCTTCACCCCTACACCTTG,2.64748269242983,0.9736092611462128
TACTAAGAAGACAGAAGACTTACTTTCATCATCTGAATCAAATCCAAAGAGTGTCTGACATTTCTTTTGTGCAAGATGAGCCTCAAGTGCTTCTGCATTA,2.62903618966761,0.9666173112169442
CGCGGCCGCGGAGCCGGGGGCGGGGGCCGGGCGCGCACAGAC,2.62417172285575,0.9647653121020224
CGAACACCGGCCCCGGCTCCACCGAGGCCCGGGTCCCCCAGCCCGTCTCGCCGCCG,2.62123466449653,0.9636454527625268
CCAAGCGGTGCTGGGCGCGCTCCCCCTTCCTTTCCCTCCGGCGTCCTCTCCCGGCCCTCTCGCGCTGCACTGTCTCTCCGACGCAAGACTGTCCCGGCCC,2.60921377876597,0.9590489417651864
GCGAGCTCTTGCAGCCTCCCCGCCCCTCCCGCAACGCTCGACCCCAGGATTCCCCCGGCTCGCCTGCCCGCC,2.60414784062449,0.9571054971680836
TGTATGCTGACTTGTAAAGTGAAGAAGCCAGTGGTGCTGCGGGTGTTCTTTTGGGGTAGTGTCTGGGATCCAGTACGAGTTGAATCATTGTTCAAATAAG,2.59663992215343,0.9542182716057028
TTCGGGCGCAGCTCCTGCTGCAGCCAGGGCCCGTTTTAAGAGAGGCTTCCAGGTCCAGCCCTCCCGCTGCAGCCTGCAGGGAGCGAGCCGGCCTGTCCCG,2.59417327987773,0.9532678839244824
GACTTTTTCTTGGCGGGCAAGGCCTCGGTCTCCTCCCCGCAGCAGGGCTGCCCGCGGCTGCGGGACCCTCCTGGTCCTGATGCCTGGCAGAATCGAAGGG,2.59375376355107,0.95310615600346
GGAGCGGAAGTGGAGGAGCGGCCGGAAGTAGCCGGAATCTCTGAAAGACTGACCGACTGACTCTGACAGGATCCGGGGCTGAGGGAAGGAGGCGGCGGCC,2.59295325020382,0.9527974771629228
CTGGAGGGGAAGCGAGGAGGCGGGGAAGGGGCGGGCCCCAGGAGCAGGCGGGCGGGGCTCCCCGCCCTCCAGCGCGCCCGGAGGCTACCACTCCCTGCAG,2.58969404522147,0.9515397394755164
AAAGAGGCGAGGCGGTGCCTCCGGGGGCGGGGCCTCCTTCGGTTGGCGGCCTCGGGCTTCGGGAGTCCTCCAAGAGGCC,2.58537721537873,0.949871422025725
GAATGGAGGAGCCAACTCACAGACCTGGGCCATTCGGGTGGTTTTAAGAAGTTTGAACTGCGGTTCAATCCAGGGCAGTGCCTTGAGACACTGTTTGGAG,2.58009868177368,0.9478276469515498
AAGGCAGTGAGCGCCCCAGTACCCTCAAACCTTATTGCTGGCCCCTGCTGTCTGAGCTTACAAGCATTACCGCCGCTATTTCCGTGCGGGCTGACACGGG,2.57906151433011,0.947425578623326
GACGGCACGCCGCGGCGGGGTGGGTGCAAG,2.57786410262474,0.9469611888625152
CGGGGCTCATCTGCCGCCGCCGCCGCGCTGAGGAGAGTTCGCCGCCGTCGCCGCCCGTGAGGATCTGAGAGCC,2.57725183408507,0.9467236506383252
CCAAACCCCTTTAAGAAGGATGAATGGGCAGGATGAGTTAGACTCCTTCGCTGTATCGTCTACTGATTCTTAAAATGTGACAAATCTGATTGGACGACTT,2.57674676773913,0.9465276605395396
CCCGCACTCTCCGCTGCCCACCCGCTCGCCCGCCCCTCCTTCTCCTCCCAGTGCCACAGAGCCGAAGCCCGAGCTGCCGCCGCAGCCACAGCCGAGGGCA,2.57452163404503,0.9456637436713276
GCGGGACTGCGCGGCGGCAACAGCAGAC,2.57205954069462,0.9447069556776512
AGGGGCATTTCCGGGTCCGGGCCGAGCGGGCGCACGCGCGGGAGCGGGACTCGGCG,2.57125694141664,0.9443948616086644
